alim_ssssgrp_code;alim_grp_nom_fr;alim_ssgrp_nom_fr;alim_ssssgrp_nom_fr;alim_code;alim_nom_fr;208;255;203;205;204;269;810;291;606;645;646;617;618;619;620;629;621;601;301;312;303;3000;304;315;305;306;317;307;309;319;321;339;4000;4001;401;404;405;406;410;415;417;418
0;entrées et plats composés;salades composées et crudités;-;25601;Salade de thon et légumes, appertisée;0;76.5;9.15;7.74;4.7;3.08;4.1;2.7;0.56;1.83;1.76;0;1.15;0.056;0;0.008;0.039;19.2;20.7;0.1;1.1;2;25.1;0.1;88.4;232;0;445;0.6;2;0;0.5;1.6;0;2.75;0.04;0.053;4.45;0.16;0.29;31;1.45
0;entrées et plats composés;salades composées et crudités;-;25602;Salade composée avec viande ou poisson, appertisée;0;76.7;8.06;6.4;5.3;1.9;3.3;2;0.16;3.27;1.54;2.24;1.08;0.28;0.016;0.016;0.15;15.2;22;0.07;0.7;20;20;0.1;92;220;30;381;0.38;21;781;0.44;2.04;9.75;0;0.032;0.022;4.13;0.2;0.12;11.1;1.23
0;entrées et plats composés;salades composées et crudités;-;25605;Champignons à la grecque, appertisés;0;85.2;2.08;3.95;3.55;2.38;0.99;2.35;0.23;0.2;1.67;0;0;0.026;0;0;0;0.11;27;0.17;1.06;2.46;13.5;0.13;64.1;277;1.79;500;0.4;0;747;0;1.08;0;6.67;0.056;0.21;1.84;0.88;0.088;19.6;0.018
0;entrées et plats composés;salades composées et crudités;-;25606;Salade de pommes de terre, fait maison;0;76;2.68;9.9;8.2;0;0;1.3;1.43;2.48;3.74;0;0;0;0;0;0;68;19;0.12;0.65;0;15;0.1;52;254;0;529;0.31;29;36;0;0;0;10;0.077;0.06;0.89;0.53;0.14;7;0
0;entrées et plats composés;salades composées et crudités;-;25608;Taboulé ou Salade de couscous, préemballé;179;60.3;4.88;23.7;6.7;4.9;17.7;2.5;0.67;4.23;1.45;3.95;1.1;0.34;0.01;0.01;0.01;0.1;24;0.16;0.88;20;25;0.4;80;210;20;399;0.65;0;149;0;1.26;10.6;6.27;0.087;0.024;0.5;0.26;0.052;14.5;0
0;entrées et plats composés;salades composées et crudités;-;25609;Salade de pomme de terre à la piémontaise, préemballée;130;75.8;4.5;8.87;8.3;1.2;6;0.5;0.82;5.02;2.04;4.57;1.47;0.57;0.01;0.01;0.01;29.6;13;0.07;0.43;20;16;0.08;72;300;20;433;0.49;21;93.6;0.5;3.96;10.9;21.6;0.08;0.049;0.98;0.44;0.099;21.6;0
0;entrées et plats composés;salades composées et crudités;-;25614;Salade de riz, appertisée;0;72.5;5.13;16.1;4.35;1;14.3;1.7;0.53;2.23;0;2.23;1.05;0.2;0;0;0.013;6.5;23.3;0.1;0.43;5;13.1;0.1;66.6;143;17.7;431;0.3;2;34;0.5;1.63;0;4.48;0.058;0.045;2.65;0.14;0.13;33.5;0.43
0;entrées et plats composés;salades composées et crudités;-;25615;Salade de pâtes, végétarienne;0;72.6;5.7;13.7;8.1;2.3;10;1.7;2.37;1.46;3.92;0;0;0;0;0;0;6;14;0.06;0.6;4;11;0.2;37;84;0;51;0.4;7;1180;0;1.95;0;21;0.04;0.02;0.4;0;0.09;16;0
0;entrées et plats composés;salades composées et crudités;-;25616;Crudité, sans assaisonnement (aliment moyen);29.9;93.2;0.94;3.07;0.7;2.27;0.22;1.51;0.12;0.29;0.095;0.21;0.078;0.017;0.0043;0.0041;0.0041;0.076;25.1;0.048;0.42;7.21;11.7;0.17;25.6;241;7.79;12.5;0.17;0.017;1930;0.093;0.34;24;12.2;0.042;0.025;0.37;0.17;0.082;38.8;0
0;entrées et plats composés;salades composées et crudités;-;25619;Salade de pâtes aux légumes, avec poisson ou viande, préemballée;0;70.5;5.19;14;9.94;2.16;7.92;1.98;1.74;5.85;1.91;0;0;0;0;0.0023;0.0098;11.3;19;0.085;0.95;3.13;23.3;0.15;69.4;193;5.3;378;0.53;11;494;0.12;1.18;0;12.3;0.064;0.057;1.77;0.28;0.14;18.4;0.14
0;entrées et plats composés;salades composées et crudités;-;25626;Macédoine de légumes en salade, avec sauce, préemballée;0;78.3;2.81;7;9.3;2.3;0;4.11;0.7;0;0;0;0;0;0;0;0;0;0;0;0;0;0;0;0;0;0;426;0;0;0;0;0;0;0;0;0;0;0;0;0;0
0;entrées et plats composés;salades composées et crudités;-;25628;Salade César au poulet (salade verte, fromage, croûtons, sauce), préemballée;0;71.8;8.13;4.88;10;1.71;3.17;2;2.36;4.99;2.09;4.6;1.7;0.39;0.01;0.01;0.01;40.7;100;0.11;0.5;20;19;0.15;150;300;20;301;0.69;27.9;627;0.25;2.24;32;1.11;0.096;0.068;2.29;0.47;0.094;29.3;0.48
0;entrées et plats composés;salades composées et crudités;-;25629;Salade végétale à base de boulgour et/ou quinoa et légumes, préemballée;168;65.5;3.79;17.4;8.3;4.61;9.9;3.3;0.92;3.95;3.04;3.71;2.79;0.25;0.01;0.01;0.01;0;37;0.16;1.2;20;46;0.62;110;140;20;309;0.77;0;611;0.25;2.67;10;0.5;0.071;0.01;0.18;0.27;0.059;22.1;0
0;entrées et plats composés;salades composées et crudités;-;26257;Carottes râpées, avec sauce, préemballées;0;84.7;0.98;6.01;5;5.2;0;3.64;0.43;2.53;1.82;0;0.97;0.24;0;0;0;0;31;0;0;0;0;0;0;0;0;264;0;0;0;0;0;0;0;0;0;0;0;0;0;0
0;entrées et plats composés;salades composées et crudités;-;26258;Salade de betterave, avec sauce, préemballée;0;83.5;1.29;7.45;4.94;5.3;0;2.66;0.37;1.79;1.9;0;0;0;0;0;0;0;21;0;4;0;0;0;0;0;0;280;0;0;0;0;0;0;5;0;0;0;0;0;0;0
0;entrées et plats composés;salades composées et crudités;-;26259;Salade de chou ou Coleslaw, avec sauce, préemballée;105;80.4;0.94;5.78;8.1;4.72;0.35;3;0.63;4.83;2.2;4.39;1.54;0.66;0.01;0.01;0.01;0;39;0.03;1.3;20;9.3;0.26;29;210;20;353;0.27;0;1340;0.25;2.21;23;21.6;0.026;0.01;0.1;0.21;0.093;14.6;0
0;entrées et plats composés;salades composées et crudités;-;26260;Salade de concombre à la crème/fromage blanc, préemballée;0;0;1.1;1.97;11.3;1.39;0;1.48;1.35;0;0;0;0;0;0;0;0;0;0;0;0;0;0;0;0;0;0;411;0;0;0;0;0;0;0;0;0;0;0;0;0;0
0;entrées et plats composés;salades composées et crudités;-;26261;Salade de lentilles et saucisse fumée, préemballée;0;0;7;8.9;11.8;0.9;0;3.6;0.9;0;0;0;0;0;0;0;0;0;0;0;0;0;0;0;0;0;0;355;0;0;0;0;0;0;0;0;0;0;0;0;0;0
0;entrées et plats composés;salades composées et crudités;-;26262;Salade grecque, avec sauce, préemballée;0;0;2;1.4;7.1;1.4;0;2;2.7;0;0;0;0;0;0;0;0;0;0;0;0;0;0;0;0;0;0;416;0;0;0;0;0;0;0;0;0;0;0;0;0;0
0;entrées et plats composés;salades composées et crudités;-;26263;Salade de riz à la niçoise, avec sauce, préemballée;0;73.7;4.45;15.8;6.08;1.35;0;1.5;0.63;2.51;0.97;0;0.64;0.3;0;0;0;0;0;0;0;0;0;0;0;0;0;300;0;0;0;0;0;0;0;0;0;0;0;0;0;0
0;entrées et plats composés;salades composées et crudités;-;26269;Taboulé ou Salade de couscous au poulet, préemballé;0;62.6;6.4;20.6;7.45;2.48;16.6;2.02;0.86;3.78;1.75;3.78;1.33;0.42;0.01;0.01;0.01;8.24;18;0.1;0.8;20;24;0.32;100;190;20;424;0.65;21;135;0.25;1.48;3.22;0.5;0.14;0.045;1.16;0.4;0.096;96.5;0.1
0;entrées et plats composés;soupes;-;25900;Soupe aux lentilles, préemballée à réchauffer;55;85.8;3.74;6.6;1.12;0.7;0;1.8;0.45;0.52;0.13;0;0;0;0;0;0;3;25;0.17;1.07;4;19;0.24;74;144;16.1;143;0.61;0;430;0;0;0;1.7;0.07;0.045;0.55;0.14;0.09;20;0.12
0;entrées et plats composés;soupes;-;25901;Soupe à la volaille et aux légumes, préemballée à réchauffer;30.8;0;3.09;2.6;0.8;1.2;0;0.4;0.3;0;0;0;0;0;0;0;0;0;0;0;0;0;0;0;0;0;0;700;0;0;0;0;0;0;0;0;0;1.9;0;0;0;0.11
0;entrées et plats composés;soupes;-;25903;Soupe aux légumes variés, préemballée à réchauffer;39.4;90.2;0.76;5.05;1.56;1.72;2.2;1.1;0.55;0.5;0.11;0.44;0.1;0.0063;0.01;0.01;0.01;3.7;14;0.02;0.14;20;5.3;0.04;19;110;20;275;0.11;21;1710;0;0.62;2.53;5.75;0.29;0.062;0.31;0.33;0.16;39.8;0.052
0;entrées et plats composés;soupes;-;25904;Soupe de poissons et / ou crustacés, préemballée à réchauffer;42.8;89.4;3.45;2.88;1.79;0.9;1.7;0.69;0.58;0.93;0.25;0.71;0.13;0.035;0.01;0.035;0.053;30;130;0.07;0.61;70;11;0.05;80;110;20;343;0.25;59.8;446;0.2;0.32;0.93;0.5;0.03;0.039;0.63;0.18;0.032;5;1.35
0;entrées et plats composés;soupes;-;25905;Soupe aux légumes variés, déshydratée reconstituée;34.5;90.9;0.86;4.43;1.22;1.07;2.6;1.16;0.39;0.45;0.091;0.45;0.081;0.01;0.01;0.01;0.01;2.12;21;0.03;0.19;1;7;0.05;12.5;60;20;276;0.12;21;261;0;0.19;2.42;3.28;0.05;0.24;0.13;0.12;0.044;8.4;0.029
0;entrées et plats composés;soupes;-;25907;Soupe aux poireaux et pommes de terre, préemballée à réchauffer;37.1;90.8;0.79;4.46;1.51;0.81;3.2;1.28;0.6;0.53;0.27;0.53;0.18;0.09;0.01;0.01;0.01;4.73;16;0.02;0.17;20;5.6;0.04;16;94;20;290;0.13;21;120;0;0.28;9.13;7.95;0.01;0.03;0.23;0.14;0.23;29.3;0.045
0;entrées et plats composés;soupes;-;25908;Soupe à la volaille et aux vermicelles, préemballée à réchauffer;30.8;93.8;1.3;3.86;1;0.77;0;0.56;0.49;0.29;0.18;0;0;0;0;0;0;5;7.96;0.069;0.14;0.5;7.93;0.057;17;30.5;10;326;0.1;1;119;0;0.03;0;0;0.055;0.045;0.54;0.074;0.02;2;0.02
0;entrées et plats composés;soupes;-;25909;Bouillon de viande et légumes type pot-au-feu, prêt à consommer;4.8;98.1;0.2;0.1;0.4;0;0.1;0;0.2;0.09;0.05;0;0;0;0;0;0;0;1;0;0.1;0;2;0.01;1;15;0;430;0;0;0;0;0;0;0;0.06;0.01;0;0.02;0.01;12;0.05
0;entrées et plats composés;soupes;-;25910;Soupe à l'oignon, préemballée à réchauffer;40.4;92.7;1.35;4.93;1.4;1.5;0;1.34;0.55;0;0.26;0;0;0;0;0;0;0;12;0.054;0.27;0;1;0.098;4;28;0;315;0.25;1;1;0;0.11;0.2;0.5;0.013;0.01;0.24;0;0.02;6;0
0;entrées et plats composés;soupes;-;25912;Soupe aux champignons, préemballée à réchauffer;48.2;92;0.81;4.09;3.07;0.91;0;0.52;1.58;0.4;0.96;0.4;0.31;0.01;0;0;0;3.3;7;0.016;0.09;8.4;2;0.018;12;62;0;312;0.06;5.5;0;0.1;0.24;9.6;0;0.006;0.008;0.17;0.072;0.007;1;0
0;entrées et plats composés;soupes;-;25913;Soupe à la carotte, préemballée à réchauffer;33.2;91.2;0.61;3.89;1.41;1.82;2.08;1.22;0.96;0.36;0.029;0;0;0;0;0;0;0;15;0;0.3;0;7;0;20;140;0;259;0;4;3500;0;0;0;11;0.05;0;0.65;0;0.08;9;0
0;entrées et plats composés;soupes;-;25914;Soupe à la tomate, préemballée à réchauffer;38.7;90.3;0.74;6.27;0.99;2.95;1.8;0.88;0.36;0.29;0.3;0.28;0.15;0.02;0.01;0.01;0.01;2.9;11;0.03;0.14;20;5.9;0.04;15;130;20;259;0.08;21;1680;0.6;0.69;1.01;6.4;0.01;0.056;0.58;0.2;0.2;23.8;0.01
0;entrées et plats composés;soupes;-;25915;Soupe chorba frik, à base de viande et de frik;62.9;85.1;3.75;5.4;2.5;0.9;3.9;1.9;0;0;0;0;0;0;0;0;0;11;19;0.07;0.97;2;17;0.31;54;157;1.4;337;0.84;4.4;172;0.02;0.6;0;3.2;0.03;0.04;0.96;0.18;0.07;16;0.11
0;entrées et plats composés;soupes;-;25916;Soupe minestrone, préemballée à réchauffer;48.8;89.4;1.2;5.6;2;1.7;0;1.8;0.6;0.34;0.29;0;0;0;0;0;0;1.5;33.3;0.11;0.56;1;12.5;0.11;34.5;106;2.2;300;0.19;0;885;0;0.67;3.2;1.25;0.023;0.034;0.44;0.22;0.071;10;0
0;entrées et plats composés;soupes;-;25917;Soupe au pistou, déshydratée reconstituée;30.4;89.4;1.2;5.2;0.35;1.2;4;0.8;0.2;0.23;0.06;0;0;0;0;0;0;1;19;0.1;0.4;1;14;0.1;24;132;2.2;256;0.19;0;900;0;0.2;0;7;0;0;0;0;0.07;18;0
0;entrées et plats composés;soupes;-;25919;Soupe de poissons et / ou crustacés, déshydratée reconstituée;29;90.6;0.91;5.09;0.5;1.06;0;0.21;0.14;0;0;0;0;0;0;0;0;0;0;0;0;0;0;0;0;0.01;0;253;0;0;0;0;0;0;0;0;0;0;0;0;0;0
0;entrées et plats composés;soupes;-;25923;Soupe asiatique, avec pâtes, déshydratée reconstituée;29.8;93.3;0.97;5.25;0.44;1.21;0;0.49;0.17;0;0;0;0;0;0;0;0;0;0;0;0;0;0;0;0;37.8;0;334;0;0;0;0;0;0;0;0;0;0;0;0;0;0
0;entrées et plats composés;soupes;-;25924;Soupe marocaine, déshydratée reconstituée;34.3;90;1.2;5.77;0.55;1.49;0;0.72;0.23;0;0;0;0;0;0;0;0;0;0;0;0;0;0;0;0;80.5;0;318;0;0;0;0;0;0;0;0;0;0;0;0;0;0
0;entrées et plats composés;soupes;-;25925;Soupe aux poireaux et pommes de terre, déshydratée reconstituée;26.1;92.8;0.63;4.84;0.41;0.91;0;0.28;0.2;0;0;0;0;0;0;0;0;0;0;0;0;0;0;0;0.013;0.023;0;292;0;10;90;0;0;0;30;0.07;0;0.8;0.27;0;0;0
0;entrées et plats composés;soupes;-;25928;Soupe à la volaille et aux légumes, déshydratée reconstituée;27.3;0;0.99;4.58;0.44;0.55;0;0.51;0.17;0;0;0;0;0;0;0;0;0;0;0;0;0;0;0;0;0;0;292;0;0;0;0;0;0;3;0;0;0;0;0.03;8;0
0;entrées et plats composés;soupes;-;25930;Bouillon de boeuf, déshydraté reconstitué;9.05;97.6;0.6;1.33;0.15;0.33;0;0;0.057;0.068;0.0072;0.068;0.0072;0;0;0;0;0;5.25;0.041;0.15;0;2;0.027;0.01;0.01;0;290;0.048;0;0;0;0.01;0;0;0.0029;0.015;0.55;0.016;0.0083;1.75;0.065
0;entrées et plats composés;soupes;-;25932;Soupe aux asperges, déshydratée reconstituée;35.3;90.8;0.6;5.14;1.31;0.99;2.8;0.28;0.73;0;0;0;0;0;0;0;0;0;0;0;0;0;0;0;0.015;0.035;0;303;0;0;0;0;0;0;0;0;0;0;0;0;10;0
0;entrées et plats composés;soupes;-;25933;Soupe à la tomate et aux vermicelles, préemballée à réchauffer;37.7;0;1.1;5.87;0.8;3.43;0;1.3;0.5;0;0;0;0;0;0;0;0;0;0;0;0;0;0;0;0;0;0;307;0;0;0;0;0;0;20;0;0;0;0;0;0;0
0;entrées et plats composés;soupes;-;25934;Soupe aux céréales et aux légumes, déshydratée reconstituée;47.8;90;1.4;6.8;1.4;1.2;0;1.2;0.8;0;0;0;0;0;0;0;0;0;12.5;0;0.29;0;9.35;0;0;94;0;312;0;0;0;0;0;0;3.84;0.04;0;0.47;0;0.07;16.8;0
0;entrées et plats composés;soupes;-;25935;Soupe à la tomate, déshydratée reconstituée;36.2;90.4;0.76;5.79;0.97;2.44;2.4;0.64;0.32;0.41;0.16;0.41;0.15;0.01;0.01;0.01;0.01;2.02;11;0.03;0.14;20;5;0.04;10;65;20;278;0.1;21;147;0;0.25;1.33;0.5;0.02;0.017;0.46;0.064;0.027;6.85;0.14
0;entrées et plats composés;soupes;-;25936;Soupe aux champignons, déshydratée reconstituée;37.8;91.3;0.65;4.37;1.79;0.63;2.3;0.82;0.73;0.6;0.15;0.6;0.15;0.01;0.01;0.01;0.01;0.87;10;0.02;0.02;20;2.5;0.03;9.51;48;20;311;0.07;21;14.7;0.25;0.24;0.8;0.5;0.03;0.034;0.37;0.16;0.033;8.25;0.028
0;entrées et plats composés;soupes;-;25942;Soupe à l'oignon, déshydratée reconstituée;24;94.1;0.58;4.37;0.4;1.3;0;0.31;0.23;0;0;0;0;0;0;0;0;0;20;0.043;0;1;5.26;0.043;0.01;56.7;3.35;318;0.083;0;0;0;0;0;0;0;0;0;0;0;0;0
0;entrées et plats composés;soupes;-;25945;Soupe au potiron, préemballée à réchauffer;35.9;91.8;0.67;4.13;1.56;2.37;1.1;1.31;0.88;0.56;0.069;0.38;0.051;0.018;0.01;0.01;0.01;4.95;15;0.03;0.14;20;5.8;0.04;17;130;20;256;0.13;21;2530;0;0.51;1.03;0.5;0.018;0.014;0.1;0.13;0.065;9.35;0.036
0;entrées et plats composés;soupes;-;25947;Bouillon de volaille, déshydraté reconstitué;5.58;97.4;0.6;0.5;0.13;0.18;0;0.0001;0.083;0.022;0.018;0;0;0;0;0;0;0;5;0;0.05;0;1;0.01;0;10;0;312;0.01;1;0;0;0;0;0;0.005;0.01;0.1;0.02;0;1;0.01
0;entrées et plats composés;soupes;-;25948;Bouillon de légumes, déshydraté reconstitué;5.38;98;0.34;0.65;0.16;0.19;0.2;0;0.14;0.011;0.0067;0;0;0;0;0;0;0;1;0;0.1;0;2;0.01;0;8;0;240;0;0;2;0;0;0;0;0.11;0.01;0.1;0;0;1;0
0;entrées et plats composés;soupes;-;25949;Soupe à la tomate et aux vermicelles, déshydratée reconstituée;21.6;92.2;0.63;4.21;0.18;0.72;3.5;0.32;0.099;0;0;0.01;0.01;0.01;0.01;0.01;0.01;0.7;9.1;0.05;0.18;20;4.8;0.06;0;62;20;271;0.08;21;162;0.25;0.34;0.8;0.5;0.02;0.04;1.44;1.04;0.018;11;0
0;entrées et plats composés;soupes;-;25950;Soupe à la volaille et aux vermicelles, déshydratée reconstituée;21.3;94.2;0.75;3.87;0.25;0.31;3.4;0.26;0.081;0;0;0.01;0.01;0.01;0.01;0.01;0.01;0.72;7.2;0.02;0.1;20;3.5;0.05;14;36;20;272;0.1;21;20.7;0;0.08;0.8;0.5;0.28;0.01;0.1;0.041;0.025;0;0.026
0;entrées et plats composés;soupes;-;25953;Soupe au pistou, préemballée à réchauffer;31.9;0;2;4.1;0.5;0.25;0;1.5;0.2;0.2;0.1;0;0;0.1;0;0;0;0;0;0;0;0;0;0;0;0;0;260;0;0;0;0;0;0;0;0;0;0;0;0;0;0
0;entrées et plats composés;soupes;-;25954;Soupe au potiron, déshydratée reconstituée;38.3;0;0.79;5.61;1.24;2.64;0;0.76;0.61;0;0;0;0;0;0;0;0;0;0;0;0;0;0;0;0.01;0.01;0;279;0;0;0;0;0;0;0;0;0;0;0;0;0;0
0;entrées et plats composés;soupes;-;25955;Soupe asiatique, avec pâtes, préemballée à réchauffer;22.3;0;0.7;3.4;0.5;0.5;0;0.7;0.2;0;0;0;0;0;0;0;0;0;0;0;0;0;0;0;0;0;0;360;0;0;0;0;0;0;0;0;0;0;0;0;0;0
0;entrées et plats composés;soupes;-;25956;Soupe minestrone, déshydratée reconstituée;31.3;91.3;1.14;5.53;0.34;1.07;0;0.79;0.02;0;0;0;0;0;0;0;0;0;0;0;0;0;0;0;0;122;0;281;0;0;0;0;0;0;5;0;0;0;0;0.06;18;0
0;entrées et plats composés;soupes;-;25957;Soupe au cresson, déshydratée reconstituée;25.1;0;0.42;3.95;0.8;0.31;0;0.19;0.42;0;0;0;0;0;0;0;0;0;0;0;0;0;0;0;0;0;0;308;0;0;0;0;0;0;0;0;0;0;0;0;0;0
0;entrées et plats composés;soupes;-;25958;Soupe au cresson, préemballée à réchauffer;34;0;1;5.4;0.8;0.9;0;0.6;0.5;0;0;0;0;0;0;0;0;0;0;0;0;0;0;0;0;0;0;310;0;0;0;0;0;0;0;0;0;0;0;0.25;30;0
0;entrées et plats composés;soupes;-;25962;Soupe aux légumes avec fromage, préemballée à réchauffer;50.2;0;1.34;5.09;2.51;1.62;0;0.93;1.58;0;0;0;0;0;0;0;0;0;0;0;0;0;0;0;0;0;0;268;0;0;0;0;0;0;11;0;0;0;0;0.3;30;0
0;entrées et plats composés;soupes;-;25963;Soupe aux légumes verts, préemballée à réchauffer;33.4;90.9;1;3.84;1.32;0.81;3.03;1.05;0.64;0.51;0.16;0.44;0.13;0.03;0.01;0.01;0.01;3.52;24;0.02;0.27;20;7.1;0.06;24;120;20;280;0.18;21;177;0.25;0.28;16.5;9;0.17;0.042;0.53;0.22;0.25;27.5;0
0;entrées et plats composés;soupes;-;25964;Soupe aux légumes verts, déshydratée reconstituée;34.8;91.8;0.72;5.31;1.07;1.07;3.3;0.54;0.71;0.23;0.075;0.23;0.075;0.01;0.01;0.01;0.01;0.7;12;0.02;0.11;20;3;0.03;15;50;20;264;0.09;21;10.5;0.25;0.18;2.82;6.15;0.05;0.014;0.15;0.072;0.033;7.6;0
0;entrées et plats composés;soupes;-;25965;Soupe aux pois cassés, préemballée à réchauffer;56.7;0;2.68;6.25;1.98;1.02;0;1.6;0.67;0;0;0;0;0;0;0;0;0;0;0;0;0;0;0;0;0;0;279;0;0;0;0;0;0;0;0;0;0;0;0;0;0
0;entrées et plats composés;soupes;-;25967;Soupe froide type Gaspacho ou Gazpacho, préemballée;32.8;91.1;0.65;3.38;1.62;2.32;0.35;1.04;0.27;0;0.16;0.01;0.14;0.02;0.01;0.01;0.01;0;11;0.04;0.11;20;8.9;0.06;25;210;20;293;0.1;0;291;0.25;1.31;52.6;1.98;0.01;0.02;0.56;0.093;0.041;5;0
0;entrées et plats composés;soupes;-;25968;Soupe aux asperges, préemballée à réchauffer;133;0;4.6;4.7;10.4;2.9;0;1;5.1;0;0;0;0;0;0;0;0;0;0;0;0;0;0;0;0;0;0;0;0;0;0;0;0;0;0;0;0;0;0;0;0;0
0;entrées et plats composés;soupes;-;25969;Soupe (aliment moyen);37.4;90.7;1.27;4.5;1.37;1.6;2.1;1.02;0.57;0.54;0.18;0.39;0.11;0.03;0.005;0.0087;0.011;7.47;27.8;0.04;0.27;16.5;7.19;0.064;24.9;108;9.35;296;0.18;15.2;1090;;0.48;6.98;5.04;0.05;0.036;0.49;0.23;0.1;15.8;0.24
0;entrées et plats composés;soupes;-;25972;Soupe miso, déshydratée reconstituée;17.1;94.6;1.38;2.18;0.5;0.69;0;0.5;0.0098;0.0098;0.0098;0.0098;0.0098;0.0098;0.0098;0.0098;0.0098;0;18;0.06;0.19;70;6.9;0.08;19;49;20;438;0.11;0;0;0.25;0.26;1.15;0;0.015;0.01;0.1;0.068;0.01;16.5;1.98
10301;entrées et plats composés;plats composés;plats de viande sans garniture;8601;Tripes à la mode de Caen;116;74;20.4;0.3;3.68;0;0.3;0;1.29;1.12;0.18;1;0.086;0.011;0;0;0;119;23;0;1.1;6;6.4;0;0;42.5;0;423;0.64;0;0;0;0.47;0;0;0.02;0;0.37;0.42;0.023;0;1.2
10301;entrées et plats composés;plats composés;plats de viande sans garniture;8602;Tripes à la mode de Caen, préemballées;112;77.9;18.4;0.7;3.62;0.5;0;1.25;2.1;0;0;0;0;0;0;0;0;0;23.6;0;0.9;0;6.6;0;0;34.6;0;421;2.1;0;0;0;0;0;0;0;0;0;0;0;0;0
10301;entrées et plats composés;plats composés;plats de viande sans garniture;8612;Tripes à la tomate ou à la provençale;94.1;76.6;15.7;0.6;3.2;0.4;0;0;1.64;1.28;0.14;1.28;0.1;0.02;0;0;0.01;0;0;0;0;0;0;0;0;0;0;492;0;0;0;0;0;0;0;0;0;0;0;0;0;0
10301;entrées et plats composés;plats composés;plats de viande sans garniture;25001;Blanquette de veau;113;75.1;15.4;3.1;4;0.3;1.9;0.8;2.03;1.36;0.26;1.18;0.21;0.02;0.03;0.01;0.01;56.6;15;0.07;0.92;20;12;0.04;110;190;20;295;3.2;21;736;0.25;0.37;2.55;0.5;0.062;0.047;1.77;0.33;0.074;23.3;1.59
10301;entrées et plats composés;plats composés;plats de viande sans garniture;25033;Boeuf bourguignon;84.6;78.4;8.93;4.17;3.3;1.57;1.3;1.25;0.88;1.18;0.44;0.71;0.22;0.022;0;0;0.01;64;16.9;0.053;1.75;3.8;13.3;0.054;215;230;2.58;354;2.91;10;0;0.5;0.6;0;0.8;0.07;0.1;2.3;0.3;0.23;11;0.6
10301;entrées et plats composés;plats composés;plats de viande sans garniture;25035;Sauté d'agneau au curry, préemballé;0;73.5;10.5;0;13.9;0;0;1;6.7;0;0;0;0;0;0;0;0;0;17.5;0.07;2.15;0;13.3;0.04;181;200;0;514;2.77;0;0;0;0;0;0;0;0;0;0;0;0;0
10301;entrées et plats composés;plats composés;plats de viande sans garniture;25058;Canard en sauce (poivre vert, chasseur, etc.), préemballé;145;0;9.55;10.2;7.3;0;0;0;0;0;0;0;0;0;0;0;0;0;0;0;0;0;0;0;0;0;0;0;0;0;0;0;0;0;0;0;0;0;0;0;0;0
10301;entrées et plats composés;plats composés;plats de viande sans garniture;25063;Lapin à la moutarde, préemballé;108;0;14.9;0.5;5;0.5;0;0.8;2.1;0;0;0;0;0;0;0;0;0;0;0;0;0;0;0;0;0;0;480;0;0;0;0;0;0;0;0;0;0;0;0;0;0
10301;entrées et plats composés;plats composés;plats de viande sans garniture;25121;Coq au vin;133;0;13;4;7;1;0;0.9;1;3.87;1.75;0;0;0;0;0;0;65;14;0.03;1.3;3.3;16;0.14;128;145;0.11;420;0.21;0;0;0.04;0.48;0;1.5;0.07;0.19;3.7;0.74;0.17;31;1.4
10301;entrées et plats composés;plats composés;plats de viande sans garniture;25125;Paupiette de veau;193;64.1;14.5;2.6;13.8;0.41;2.19;0.2;5.45;3.05;1.28;0;0;0;0;0;0;63.3;27.6;0.088;1;5.54;37.2;0.18;133;272;3.26;510;1.25;24.9;1160;0.1;0.68;0;1.34;0.084;0.14;3.51;0.59;0.28;14.3;0.41
10301;entrées et plats composés;plats composés;plats de viande sans garniture;25126;Paupiette de volaille;164;64.2;23.9;8.8;3.4;0;2.97;1.17;0.65;1.63;0.81;0;0;0;0;0;0;59.6;27.6;0.083;1.03;5.4;38.6;0.18;130;264;6.08;251;1.09;26.1;1160;0.14;0.69;0;1.33;0.082;0.11;3.97;0.56;0.31;13.8;0.28
10301;entrées et plats composés;plats composés;plats de viande sans garniture;25172;Viande en sauce (aliment moyen);104;77.1;11.3;3.65;4.6;1.34;1.71;1.08;1.8;1.51;0.63;1.24;0.52;0.028;0.02;;0.005;49.8;17.1;0.064;1.13;7.06;14.2;0.07;142;198;6.17;341;2.4;12.1;542;0.23;0.81;;1.27;0.061;0.067;2.61;0.42;0.16;14.8;0.74
10301;entrées et plats composés;plats composés;plats de viande sans garniture;25174;Poulet au curry et au lait de coco;124;75.2;10.6;3.15;6.9;1.49;1.65;1.1;3.03;2.06;1.37;1.86;1.3;0.05;0.02;0.01;0.01;37.3;18;0.05;0.51;20;18;0.12;110;210;20;427;0.44;21.3;412;0.25;1.65;3.22;2.51;0.032;0.01;4.08;0.62;0.17;17.5;0.15
10301;entrées et plats composés;plats composés;plats de viande sans garniture;25175;Meloukhia, plat à base de boeuf et corete, fait maison;189;67.7;10.6;1.2;14.7;1.2;0;4.7;0;0;0;0;0;0;0;0;0;23;51.3;0.04;2.4;2.8;30.6;0.05;88;228;2.1;373;2;0;143;0;5.1;0;1.5;0.03;0.14;1.36;0.32;0.12;20;0.66
10301;entrées et plats composés;plats composés;plats de viande sans garniture;25200;Palette à la diable, préemballée;120;0;13.5;2.08;6.07;1.38;0;1.45;2.2;0;0;0;0;0;0;0;0;0;0;0;1;0;0;0;0;0;0;901;0;0;0;0;0;0;0;0;0;0;0;0;0;0
10301;entrées et plats composés;plats composés;plats de viande sans garniture;25201;Langue de boeuf sauce madère, préemballée;180;0;9.5;4.5;13.5;2.5;0;1;6;0;0;0;0;0;0;0;0;0;0;0;0;0;0;0;0;0;0;430;0;0;0;0;0;0;0;0;0;0;0;0;0;0
10301;entrées et plats composés;plats composés;plats de viande sans garniture;25207;Porc au caramel, préemballé;136;70.7;10;11.4;5.4;7.9;1.3;0.7;1.44;2.2;1.27;1.97;1.21;0.056;0.0094;0.01;0.01;29;9.9;0.04;0.49;20;12;0.11;94;160;20;536;1.1;21;64.5;0.25;0.62;1.5;0.5;0.19;0.034;1.93;0.31;0.094;9.1;0.27
10301;entrées et plats composés;plats composés;plats de viande sans garniture;25211;Boulettes au boeuf, à la sauce tomate, préemballées;117;0;9;5.5;6.5;0;0;0;0;0;0;0;0;0;0;0;0;0;0;0;0;0;0;0;0;0;0;0;0;0;0;0;0;0;0;0;0;0;0;0;0;0
10301;entrées et plats composés;plats composés;plats de viande sans garniture;25213;Paupiette de veau, préemballée,  cuite au four;276;54.8;22;0.48;20.5;0.3;0.35;0.9;8.19;8.77;2.51;7.77;2.07;0.23;0.07;0.01;0.01;89.5;24;0.07;0.94;20;18;0.03;180;260;20;428;2.3;21;0;0.25;0.08;0.87;1.62;0.16;0.071;3.83;0.59;0.22;11.9;1.61
10301;entrées et plats composés;plats composés;plats de viande sans garniture;25538;Carpaccio de boeuf, avec marinade;271;57;15.2;0.55;23;0.5;0.0024;0.36;7.38;10;4;0;0;0;0;0;0;55.6;112;0.1;1.84;9.12;22.6;0.064;187;242;5.84;437;2.79;23.6;98.3;0.38;3.18;0;5.87;0.088;0.17;2.11;0.28;0.27;12;2.04
10301;entrées et plats composés;plats composés;plats de viande sans garniture;25565;Yakitori (brochettes japonaises grillées en sauce);172;58.8;26;9.3;3.3;6.6;1.3;0.6;1.2;1.18;0.78;1.18;0.68;0.07;0.03;0.01;0.01;86.6;9.8;0.06;0.61;20;31;0.15;220;340;20;475;1.5;21;10.5;0.25;0.5;0.8;0;0.09;0.042;7.69;1.36;0.25;31.8;0.41
10301;entrées et plats composés;plats composés;plats de viande sans garniture;25585;Brochette de boeuf, cuite;139;69.2;21.9;0.33;5.2;0;0;3;1.8;2.35;0.71;2.03;0.51;0.12;0.04;0.01;0.01;60.2;23;0.1;2.4;20;25;0.08;200;430;20;345;4.4;21;0;0.25;0.65;3.71;10.8;0.041;0.14;4.72;0.54;0.31;19.8;1.94
10301;entrées et plats composés;plats composés;plats de viande sans garniture;25586;Brochette de volaille, cuite;137;68;23.1;1.39;4;0;0;3;1.02;1.69;0.99;1.48;0.87;0.09;0.03;0.01;0.01;76.9;13;0.05;0.61;20;33;0.1;230;520;20;299;1.1;21;0;0.25;0.74;2.41;8.49;0.071;0.07;8.91;1.71;0.47;88.3;0.7
10302;entrées et plats composés;plats composés;plats de viande et féculents;25009;Hachis parmentier à la viande, préemballé;138;73.6;5.99;9.39;8.22;1.47;0;1.43;4.7;2.75;0.41;2.44;0.38;0.025;0.0033;0.00089;0.000082;20;59.6;0.079;0.71;4.55;17.5;0.087;45.5;184;10;322;1.2;45.9;0;0.1;0.2;0;0.65;0.02;0.07;0;0;0.08;5.71;0.42
10302;entrées et plats composés;plats composés;plats de viande et féculents;25029;Couscous au mouton;149;68.9;8.31;12.2;7.2;1.38;10.8;1.3;0;0;0;0;0;0;0;0;0;17.5;31.6;0.1;1.24;3;23.2;0.19;95.4;187;0;322;1.22;0;724;0.14;0.4;0;5;0.075;0.075;1.7;0.3;0.11;18;0.5
10302;entrées et plats composés;plats composés;plats de viande et féculents;25043;Couscous à la viande ou au poulet, préemballé, allégé;90.7;72.9;5.9;11.5;1.9;2.1;9.4;2;0.4;0.75;0.59;0;0;0;0;0;0;16;22;0;0.78;2.3;17;0.16;88;148;0;300;0;34;779;0.04;0.97;0;7;0.07;0.07;2;0.3;0.13;18;0.04
10302;entrées et plats composés;plats composés;plats de viande et féculents;25057;Poêlée de pommes de terre préfrites, lardons ou poulet, et autres, sans légumes verts, préemballée;168;65;3.2;16.2;9.6;1.7;14.5;2.1;2.9;3.67;2.64;3.46;2.52;0.12;0.01;0.01;0.01;10.5;26;0.08;0.49;20;20;0.1;88;390;20;260;0.45;21;22.6;0.25;1.49;3.13;3.04;0.086;0.056;1.28;0.41;0.15;23.8;0.15
10302;entrées et plats composés;plats composés;plats de viande et féculents;25127;Couscous royal (avec plusieurs viandes), préemballé;132;69.2;7.69;14;4.53;1.57;12.5;2.1;1.54;2.14;0.6;1.93;0.52;0.07;0.0086;0;0.01;20;25.2;0.098;0.93;5.8;18.8;0.21;72.3;179;2.58;345;1.02;10.6;700;0;0.4;0;1.69;0.07;0.09;1.9;0.3;0.15;17.2;0.28
10302;entrées et plats composés;plats composés;plats de viande et féculents;25138;Couscous au poulet;130;66.9;7.5;15.6;3.85;2.87;12.8;1.47;1.17;1.61;0.86;0;0;0;0;0;0;26.6;18.4;0;0.86;3;18.4;0;69;153;0;307;0;14;700;0.01;0.48;0;4.05;0.08;0.09;1.9;0.3;0.14;19.1;0.13
10302;entrées et plats composés;plats composés;plats de viande et féculents;25152;Couscous à la viande, préemballé;128;69.2;7.59;12.5;4.73;1.97;0;2.53;1.24;1.54;0.63;0;0;0.067;0;0;0;0;25.2;0.098;0;0;18.8;0.21;0;179;2.58;313;1.02;0;0;0;0;0;0;0;0;0;0;0;0;0
10302;entrées et plats composés;plats composés;plats de viande et féculents;25195;Parmentier de canard, préemballé;146;69.9;6.82;8.51;9.06;1.96;0;1.55;4.5;3.56;0.65;0;0.53;0.06;0;0;0;0;0;0;0;0;0;0;0;0;0;310;0;0;0;0;0;0;0;0;0;0;0;0;0;0
10302;entrées et plats composés;plats composés;plats de viande et féculents;25587;Parmentier de canard, préemballé, cuit;168;68.5;7;10.5;10.2;1.7;8.4;1.2;4.7;3.89;1.02;3.51;0.92;0.069;0.03;0.01;0.01;37.9;39;0.07;0.68;20;14;0.06;74;290;20;296;0.89;37.7;0;0.25;0.08;1.59;0.5;0.08;0.071;1.4;0.55;0.11;45.9;0.61
10303;entrées et plats composés;plats composés;plats de viande et légumes/légumineuses;25002;Cassoulet, appertisé;129;70.6;8.06;9.41;5.77;1.06;7.3;3.55;2.07;2.63;0.8;0;0.53;0.14;0;0;0;21.3;45.7;0.14;1.23;6;34.8;0.22;107;289;10;388;0.88;3.5;0;0.5;0.18;0;2.94;0.083;0.057;1.25;0.16;0.091;30;0.12
10303;entrées et plats composés;plats composés;plats de viande et légumes/légumineuses;25003;Choucroute garnie, préemballée;109;82.4;5.06;2.8;8.06;0.66;0;2.71;3.22;3.45;0.96;0;0.82;0.074;0;0;0;34.7;27.1;0.076;0.83;17.8;18;0.067;60.6;97.5;10;552;0.84;0;0;0;0.25;0;9.09;0.14;0.11;0.68;0;0.02;10;0
10303;entrées et plats composés;plats composés;plats de viande et légumes/légumineuses;25010;Petit salé ou saucisse aux lentilles, préemballé;118;73.5;8.24;8.89;4.87;1.51;6.3;2.83;1.89;1.97;0.6;0;0.56;0.043;0;0;0.01;27;20;0.2;1.8;2;19.4;0.3;145;167;2.8;384;1.2;2;280;0.5;0.39;0;0.5;0.24;0.075;1.5;0.23;0.14;22.9;0.13
10303;entrées et plats composés;plats composés;plats de viande et légumes/légumineuses;25013;Pot-au-feu, préemballé;77.5;82.9;10.9;3.2;2.02;1.5;1.7;1.5;0.82;0.97;0.05;0.97;0.04;0.0079;0.002;0;0.01;28.8;23.5;0.15;1.69;6;16.2;0.069;0;189;10;130;3.48;0;718;0;0;0;0;0;0;0;0;0;4.6;0
10303;entrées et plats composés;plats composés;plats de viande et légumes/légumineuses;25065;Boeuf aux carottes;96.6;78.5;13.2;3.3;3.15;0.6;2.7;1.1;1.21;1.47;0.44;1.47;0.39;0.02;0.018;0;0;47;15.9;0.1;0.9;3.5;11.3;0.1;95;119;3.2;231;3.5;0;456;0;0.4;0;2;0.07;0.16;1.77;0.44;0.16;9.5;0.8
10303;entrées et plats composés;plats composés;plats de viande et légumes/légumineuses;25071;Potée auvergnate (chou et porc);82.1;82.5;6;3.7;4.3;0.86;2.84;2.3;1.57;2.11;0.58;0;0.49;0.05;0;0;0;28;30.5;0.09;1.05;4;14.3;0.15;78;221;2.4;356;0.6;0;587;0;0.5;0;10.5;0.18;0.09;1.23;0.31;0.16;19.9;0.2
10303;entrées et plats composés;plats composés;plats de viande et légumes/légumineuses;25098;Cassoulet au porc, appertisé;132;71.1;8.3;8.6;6.3;1.8;0;4;2.2;0;0;0;0;0;0;0;0;0;0;0;0;0;0;0;0;293;0;500;0;0;0;0;0;0;0;0;0;0;0;0;0;0
10303;entrées et plats composés;plats composés;plats de viande et légumes/légumineuses;25099;Cassoulet au canard ou oie, appertisé;161;68.6;10.5;10.1;7.86;1.09;0;3.86;2.43;2.61;0.88;2.26;0.73;0.11;0;0;0.01;0;0;0;0;0;0;0;0;307;0;416;0;0;0;0;0;0;0;0;0;0;0;0;0;0
10303;entrées et plats composés;plats composés;plats de viande et légumes/légumineuses;25103;Tomate farcie;122;78.5;5.49;2;9.67;0.88;1.12;2.31;3.24;4.16;1.08;0;0;0.086;0;0;0;42;18.4;0.066;0.87;4;12.8;0.12;62;199;2.2;280;0.75;10;0;0.1;1.1;0;7;0.06;0.06;0.9;0;0.07;0;0
10303;entrées et plats composés;plats composés;plats de viande et légumes/légumineuses;25106;Chou farci, préemballé;94.9;81.2;5.3;2;6.6;2;0;3.13;0;0;0;0;0;0;0;0;0;0;145;0.23;0;0;41.4;0.65;0;0;5.33;350;0.8;0;0;0;0;0;0;0;0;0;0;0;0;0
10303;entrées et plats composés;plats composés;plats de viande et légumes/légumineuses;25111;Chili con carne, préemballé;118;74.2;7.13;13;3.35;2.58;4.6;3.56;1.13;1.39;0.32;1.1;0.18;0.1;0;0;0.005;14.6;32.8;0.15;1.6;2;27.3;0.2;78.5;282;0;371;1.2;2;233;0.5;0.88;4.6;2.25;0.088;0.068;1.25;0.16;0.15;44;0.35
10303;entrées et plats composés;plats composés;plats de viande et légumes/légumineuses;25123;Moussaka;147;76;5.82;5.16;10.8;3.01;0.9;2.84;3.37;3.25;2.27;0;0;0.03;0;0;0;31;16;0.06;0.62;5.2;22;0.06;150;576;1.4;393;0.47;37;150;0.2;0.46;0;3.1;0.06;0.11;1.3;0.33;0.09;10;0.6
10303;entrées et plats composés;plats composés;plats de viande et légumes/légumineuses;25124;Navarin d'agneau aux légumes;133;73.7;8.05;5;8.61;0.9;1.61;1.65;1.4;2.54;0.95;0;0;0;0;0;0;40.3;22.1;0.065;1.31;5.16;17.9;0.16;107;230;1.8;260;0.85;20.7;846;0.039;0.84;0;4.76;0.1;0.14;3.15;0.4;0.14;18.4;1.19
10303;entrées et plats composés;plats composés;plats de viande et légumes/légumineuses;25159;Tajine de mouton;132;73;12.8;4.5;6.83;2.4;2.1;1;2.73;3.25;0.52;0;0;0;0;0;0;57.8;5.1;0.1;1.6;2;14.7;0.1;102;211;1;394;3;4;700;0.5;0.71;0;0.5;0.07;0.16;2.95;0.23;0.19;24;1.65
10303;entrées et plats composés;plats composés;plats de viande et légumes/légumineuses;25164;Osso buco;96.7;77.4;11.2;3.5;4.08;1.1;2.3;0.6;0.8;2.62;0.39;0;0;0;0;0;0;26;13.7;0.057;0.6;3.3;18.4;0.066;97.4;234;3.24;586;1.26;0;481;0;0.53;0;2.4;0.083;0.12;3.48;0.25;0.19;11;0.38
10303;entrées et plats composés;plats composés;plats de viande et légumes/légumineuses;25190;Poulet basquaise, préemballé;107;0;9.3;2.5;6.4;2;0;1.3;1.7;0;0;0;0;0;0;0;0;0;0;0;0;0;0;0;0;0;0;355;0;0;0;0;0;0;0;0;0;0;0;0;0;0
10303;entrées et plats composés;plats composés;plats de viande et légumes/légumineuses;25204;Tajine de poulet, préemballé;127;72.7;7.54;14.4;3.7;6.8;2.3;3;0.4;2.14;1;2.14;0.85;0.15;0.01;0.01;0.01;27.7;18;0.06;0.45;20;17;0.13;82;220;20;466;0.46;21;152;0.25;1.27;7.32;0.5;0.14;0.037;2.3;0.39;0.096;30.2;0.075
10303;entrées et plats composés;plats composés;plats de viande et légumes/légumineuses;25205;Chop suey (porc ou poulet), préemballé;78.2;0;5;7.8;3;0;0;0;0;0;0;0;0;0;0;0;0;0;0;0;0;0;0;0;0;0;0;0;0;0;0;0;0;0;0;0;0;0;0;0;0;0
10303;entrées et plats composés;plats composés;plats de viande et légumes/légumineuses;25511;Légumes farcis (sauf tomate);69.8;81.1;6.4;3.6;3;2.59;1.01;1.4;0.46;1.73;0.68;0;0;0;0;0;0;30.8;27.1;0.1;0.56;6.4;14.1;0.096;77.6;184;2.58;277;0.63;10.3;93.2;0.088;0.55;0;4.86;0.1;0.13;1.24;0.46;0.11;21.2;0.18
10304;entrées et plats composés;plats composés;plats de poisson sans garniture;10082;Moules marinières (oignons et vin blanc);92;76.5;10.3;7.43;2.24;1.05;0;0.53;0.99;0.59;0.61;0;0.17;0.01;0;0;0;0;0;0;0;0;0;0;0;0;0;345;0;0;0;0;0;0;0;0;0;0;0;0;0;0
10304;entrées et plats composés;plats composés;plats de poisson sans garniture;10083;Moules farcies (matière grasse, persillade…), préemballées, crues;284;57.5;9.56;4.43;24.8;0.3;0;1.26;16.6;5.57;0.95;4.52;0.35;0.1;0.05;0.25;0.09;88.5;40;0.11;2.5;100;45;0.16;180;180;30;430;2;209;0;0.25;1.79;11.4;0.5;0.015;0.14;1.09;0.34;0.063;54.2;19.3
10304;entrées et plats composés;plats composés;plats de poisson sans garniture;25037;Gratin ou cassolette de poisson et / ou fruits de mer,  préemballé, cru;105;78.4;6.13;8.39;5.1;2.48;0;0.5;3.18;1.25;0.27;1.1;0.21;0.02;0.01;0.02;0.02;0;58.2;0.05;0.41;0;13.8;0;37.1;223;0;328;0.55;0;0;0;0;0;0;0;0;0;0;0;0;0
10304;entrées et plats composés;plats composés;plats de poisson sans garniture;25038;Gratin ou cassolette de poisson et / ou fruits de mer, préemballé, cuit;117;78.2;6.69;5.28;7.5;1.6;2.3;0.7;4.82;1.81;0.26;1.54;0.15;0.03;0.01;0.03;0.04;35.4;52;0.03;0.28;20;24;0.05;120;180;20;366;0.47;58.7;225;0.25;0.63;3.6;0.5;0.015;0.043;0.1;0.28;0.022;19.4;0.95
10304;entrées et plats composés;plats composés;plats de poisson sans garniture;25077;Saumon à l'oseille, préemballé;133;71.2;8.36;7.43;7.65;0.58;0;0.73;3.19;2.33;1.1;0;0.57;0.18;0;0;0;0;0;0;0;0;0;0;0;0;0;277;0;0;0;0;0;0;0;0;0;0;0;0;0;0
10304;entrées et plats composés;plats composés;plats de poisson sans garniture;25086;Poisson blanc à la bordelaise, préemballé;176;67.5;14.8;5.3;10.4;1.09;3.7;1;2.3;2.92;2.88;2.77;0;0.11;0.0035;0.031;0;51;21.1;1;1.2;92;17.5;1;162;317;4.9;513;1;2;0;0.9;2.6;0;9.7;0.05;0.05;9.2;0.18;0.05;5;2.2
10304;entrées et plats composés;plats composés;plats de poisson sans garniture;25128;Poisson blanc à la provençale ou niçoise (sauce tomate), préemballé;75.2;83.6;9.31;3.1;2.3;2;0;2.4;0.42;1.14;0.63;0;0.6;0.028;0;0;0;28;16.1;0;1;71;24.2;0;99;348;3.8;280;0;2;449;0.2;1.1;0;0;0.05;0.07;1.2;0.25;0.05;5;1.1
10304;entrées et plats composés;plats composés;plats de poisson sans garniture;25140;Poisson blanc à la florentine (sauce aux épinards), préemballé;100;0;11.4;2.9;4.35;1.95;0;2;2.75;0;0;0;0;0;0;0;0;0;0;0;0;0;0;0;0;0;0;232;0;0;0;0;0;0;0;0;0;0;0;0;0;0
10304;entrées et plats composés;plats composés;plats de poisson sans garniture;25141;Poisson blanc à la marinière (sauce aux oignons, vin blanc, moules), préemballé;80;0;11.5;2.2;2.8;0;0;0;0;0;0;0;0;0;0;0;0;0;0;0;0;0;0;0;0;0;0;0;0;0;0;0;0;0;0;0;0;0;0;0;0;0
10304;entrées et plats composés;plats composés;plats de poisson sans garniture;25142;Poisson blanc à la sauce moutarde, préemballé;90.8;0;9.2;5.4;3.6;0;0;0;0;0;0;0;0;0;0;0;0;0;0;0;0;0;0;0;0;0;0;0;0;0;0;0;0;0;0;0;0;0;0;0;0;0
10304;entrées et plats composés;plats composés;plats de poisson sans garniture;25143;Poisson blanc à la parisienne (sauce aux champignons), préemballé;79.9;84.2;9.16;3;3.25;0.86;0;1;1.56;0.72;0.83;0;0;0;0;0;0;0;0;0;0;0;0;0;0;0;0;220;0;0;0;0;0;0;0;0;0;0;0;0;0;0
10304;entrées et plats composés;plats composés;plats de poisson sans garniture;25145;Poisson blanc à l'estragon, préemballé;77.2;0;8.8;4.2;2.8;0;0;0;0;0;0;0;0;0;0;0;0;0;0;0;0;0;0;0;0;0;0;0;0;0;0;0;0;0;0;0;0;0;0;0;0;0
10304;entrées et plats composés;plats composés;plats de poisson sans garniture;25146;Poisson blanc sauce oseille, préemballé;114;78.6;11.8;3.9;5.5;1.65;0;1;3.31;1.32;0.31;1.04;0.2;0.025;0.005;0.015;0.035;45.6;40;0.03;0.24;44;27;0.04;130;260;50;350;0.33;38.8;0;0.5;1.1;3.6;0.5;0.075;0.06;0.8;0.2;0.058;18.8;1.87
10304;entrées et plats composés;plats composés;plats de poisson sans garniture;25210;Saumon farci, préemballé;227;0;18.8;0.4;16.2;0.4;0;2.4;3.8;0;0;0;0;0;0;0;0;0;0;0;0;0;0;0;0;0;0;0;0;0;0;0;0;0;0;0;0;0;0;0;0;0
10304;entrées et plats composés;plats composés;plats de poisson sans garniture;25539;Brochette de poisson;127;73.8;18;0.86;5.71;0.85;0.012;0.29;0.98;3.14;1;0;0;0;0;0.11;0.23;43.5;26.5;0.026;0.72;65.5;28.4;0.049;190;320;11.7;223;0.25;18.4;59.8;1.41;1.02;0;6.33;0.074;0.067;2.84;0.29;0.26;12;2.03
10304;entrées et plats composés;plats composés;plats de poisson sans garniture;25540;Brochette de crevettes;93.5;75;18.5;1.5;1.5;0;0.13;0;0.1;0.88;0.22;0;0;0;0;0.05;0.084;120;100;0.01;1.7;31.5;36.8;0.085;153;169;4.92;140;0.51;7.22;71.5;0.21;1.96;0;8.33;0.034;0.038;1.79;0.25;0.11;10.1;1.14
10304;entrées et plats composés;plats composés;plats de poisson sans garniture;26054;Poisson en sauce, surgelé;132;75;13.3;3.18;7.05;1.3;0;1.25;2.84;1.12;0.2;1.12;0.17;0.0068;0.0013;0.0096;0.011;28;18.2;0.051;0.4;79.5;19.7;0.042;164;331;4.58;327;0.26;19;0;1.13;2.31;0;0;0.086;0.086;1.77;0.25;0.17;34.5;1.53
10304;entrées et plats composés;plats composés;plats de poisson sans garniture;26140;Poisson cuit (aliment moyen);144;69.3;23.5;0;5.52;0;0.021;0;1.21;1.79;1.55;0.55;;;;0.25;0.49;57.5;29.9;0.069;0.69;61.7;30;0.037;228;347;36.2;216;0.61;10.5;0.82;3.69;0.91;;0.96;0.11;0.12;5.27;0.59;0.33;17.7;3.87
10304;entrées et plats composés;plats composés;plats de poisson sans garniture;26249;Poisson blanc, cuit (aliment moyen);107;74;22;0;2.18;0;0.038;0;0.44;0.66;0.49;0.36;0.09;0.021;0.021;0.12;0.19;63.6;30.3;0.051;0.38;63.5;27;0.026;192;296;32.3;354;0.58;8.18;1.5;1.59;0.71;;0.45;0.061;0.089;2.2;0.25;0.21;15;1.92
10304;entrées et plats composés;plats composés;plats de poisson sans garniture;26250;Poisson blanc, de mer, cuit (aliment moyen);106;74;22.1;0;2;0;0.043;0;0.38;0.64;0.47;0.37;0.091;0.021;0.021;0.12;0.18;61.3;27.6;0.05;0.37;68.3;26.6;0.014;189;294;33.7;392;0.56;7.82;1.77;1.19;0.71;;0.37;0.06;0.09;2.14;0.23;0.21;13.6;1.99
10305;entrées et plats composés;plats composés;plats de poisson et féculents;25031;Paëlla;148;66.9;7.86;17.1;4.9;1.2;15.1;1.85;1.28;1.08;0.55;1.08;0.47;0.036;0;0.025;0.023;22.8;38.7;0.11;0.69;4;25.4;0.13;90;148;10;343;0.68;5;125;0.5;1.3;0;1.95;0.073;0.45;2.6;0.42;0.12;18.8;1.1
10305;entrées et plats composés;plats composés;plats de poisson et féculents;25107;Couscous au poisson;105;75.6;7.5;14.2;1.6;1.7;12.5;1.7;0.2;0.3;0.9;0;0;0;0;0;0;15.6;24;0.1;4.1;10;23;0.2;89;192;0;337;0.4;0.9;1020;0.1;1.2;0;7.6;0.1;0.1;0;0.2;0.1;24;0.5
10305;entrées et plats composés;plats composés;plats de poisson et féculents;25154;Gratin de poisson et purée ou brandade aux pommes de terre ou parmentier de poisson, préemballé;117;74.9;6.39;8.57;6.15;1.62;6.4;1.1;3.68;1.74;0.46;1.74;0.35;0.099;0.0047;0.0067;0;31;46.8;1;1;20;17.1;1;90;190;4.7;323;1;16;50;1.1;1.5;0;1;0.05;0.09;0.32;0.23;0.05;5;0.36
10305;entrées et plats composés;plats composés;plats de poisson et féculents;25456;Sushi ou Maki aux produits de la mer;171;60.3;6.69;26.9;3.7;4.93;19;0.9;0.6;1.72;1.15;1.36;0.73;0.16;0.01;0.08;0.09;13.1;16;0.08;0.25;20;14;0.21;81;130;20;218;0.44;21;66.4;1.14;0.33;2.78;1.11;0.031;0.018;1.28;0.34;0.15;9.19;1.36
10306;entrées et plats composés;plats composés;plats de légumes/légumineuses;8296;Terrine ou mousse de légumes;0;75.9;4.05;5.6;9.56;1.77;3.83;2.55;3.43;4.28;1.43;0;0;0;0;0;0;1.75;50.5;0;0.78;6;24;0;132;232;0;524;0.7;20;0;0.2;2.11;0;2.16;2.82;1.34;3.98;0;0.36;110;0
10306;entrées et plats composés;plats composés;plats de légumes/légumineuses;8297;Flan de légumes;0;68;5.38;4.13;18.6;2.06;1.5;2.3;10.8;5.38;1.13;4.62;0.83;0.1;0.08;0.01;0.03;153;72;0.06;0.75;20;12;0.09;100;200;20;354;0.58;156;1790;0.25;1.36;44.3;0.5;0.1;0.18;0.7;0.44;0.073;51.4;0.6
10306;entrées et plats composés;plats composés;plats de légumes/légumineuses;20194;Haricots blancs à la sauce tomate, appertisés;0;78.9;4.67;10.1;0.4;1.65;0;5.5;0.16;0;0;0;0;0;0;0;0;0;0;0;0;0;0;0;0;0;0;349;0;0;0;0;0;0;0;0;0;0;0;0;0;0
10306;entrées et plats composés;plats composés;plats de légumes/légumineuses;20240;Piperade basquaise, préemballée;0;84.5;1.1;6.5;3.8;4.9;0;3.4;2;1.33;0.3;1.33;0.28;0.02;0.01;0.01;0.01;2.09;7.6;0.05;0.24;20;7.9;0.08;14;190;20;300;0.09;0;1450;0;1.3;3.77;12.2;0.029;0.016;0.62;0.071;0.063;11;0
10306;entrées et plats composés;plats composés;plats de légumes/légumineuses;20262;Poêlée de légumes assaisonnés sans champignon, surgelée, crue;81.2;81.7;2.6;12.1;1.77;1.5;0;3.6;0.4;0.52;0.14;0;0.08;0.04;0;0;0;0;24.5;0;6;0;0;0;0;0;0;500;0;0;0;0;0;0;30.8;0;0;0;0;0;0;0
10306;entrées et plats composés;plats composés;plats de légumes/légumineuses;20273;Poêlée de légumes assaisonnés à l'asiatiques ou wok de légumes, surgelée, crue;0;0;3.13;5.83;3.93;3.1;0;2.55;0.48;0;0;0;0;0;0;0;0;0;0;0;0;0;0;0;0;0;0;73;0;0;0;0;0;0;0;0;0;0;0;0;0;0
10306;entrées et plats composés;plats composés;plats de légumes/légumineuses;20274;Poêlée de légumes assaisonnés grillée, méridionale ou méditerranéenne, surgelée, crue;0;86.5;1.61;4.33;1.77;2.66;0;4.14;0.14;0.66;0.9;0.66;0.84;0.029;0;0;0.01;0;0;0;0;0;0;0;0;0;0;167;0;0;0;0;0;0;0;0;0;0;0;0;0;0
10306;entrées et plats composés;plats composés;plats de légumes/légumineuses;20498;"Poêlée de légumes assaisonnés aux champignons (""champêtre""), surgelée";0;91.4;1.89;3.59;1.21;1.81;0;2.94;0.22;0.24;0.098;0.24;0.065;0.03;0.00002;0.00014;0;0;0;0;0;0;0;0;0;0;0;134;0;0;0;0;0;0;0;0;0;0;0;0;0;0
10306;entrées et plats composés;plats composés;plats de légumes/légumineuses;25018;Ratatouille cuisinée, préemballée;0;88;1.22;4.97;3.15;3.91;0;2.03;0.47;2.08;0.46;0.51;0.2;0.06;0.01;0.01;0.01;0.07;16.4;0.074;0.38;3;18.6;0.13;22;295;10;369;0.17;10;373;0;1.56;0;25.2;0.03;0.03;0.56;0;0.04;18;0
10306;entrées et plats composés;plats composés;plats de légumes/légumineuses;25026;Épinards à la crème, préemballés;0;86.9;2.5;4.1;2.9;1.19;0;1.9;1.82;0.67;0.18;0.57;0.08;0.1;0.01;0.01;0.01;0;0;0;0;0;0;0;0;0;0;287;0;0;0;0;0;0;0;0;0;0;0;0;0;0
10306;entrées et plats composés;plats composés;plats de légumes/légumineuses;25052;Gratin d'aubergine, préemballé;0;80.9;1.95;5.45;8.68;3.8;0;2.35;1.3;0;0;0;0;0;0;0;0;0;0;0;0;0;0;0;0;0;0;172;0;0;0;0;0;0;0;0;0;0;0;0;0;0
10306;entrées et plats composés;plats composés;plats de légumes/légumineuses;25056;Gratin dauphinois;0;74.7;3.38;14.5;4.2;2.08;12;1.5;2.67;0.99;0.2;0.85;0.17;0.03;0.01;0.01;0.01;14.3;38.6;0.044;0.32;8.2;13.8;0.079;95;219;2.2;325;0.29;49;11;0;0.24;0;3.1;0.02;0.081;0.94;0.24;0.04;7;0
10306;entrées et plats composés;plats composés;plats de légumes/légumineuses;25073;Endive au jambon;0;78.4;7.44;4.71;6.3;1.98;2.73;1.5;3.77;1.6;0.38;1.37;0.33;0.04;0.01;0.01;0.01;23.7;77.2;0.1;0.38;8.11;18.2;0.1;146;104;3.13;259;0.6;44.7;291;0.28;0.23;0;3.72;0.24;0.14;1.45;0.28;0.11;14.3;0.3
10306;entrées et plats composés;plats composés;plats de légumes/légumineuses;25101;Gratin de chou-fleur, préemballé;0;82.1;3;3.3;6.5;0.88;2.42;1.3;4;1.31;0.16;1.26;0.14;0.016;0;0;0;15.3;96.6;0.12;0.27;0;10.7;0.1;0;147;0;420;2.3;0;0;0;0;0;0;0;0;0;0;0;0;0
10306;entrées et plats composés;plats composés;plats de légumes/légumineuses;25162;Gratin de légumes;0;79.6;3.44;6.91;6.7;3.42;1.65;1.7;3.41;1.81;0.99;1.6;0.9;0.09;0.01;0.01;0.01;19.7;83.1;0.087;0.51;4.03;16.6;0.13;65.5;175;1.8;228;0.49;26.9;567;0.084;1.84;0;12.6;0.051;0.072;0.46;0.27;0.11;41;0.12
10306;entrées et plats composés;plats composés;plats de légumes/légumineuses;25196;Riste d'aubergines (aubergines, tomates, oignons), préemballée;0;0;1.05;10.6;10.4;5.2;0;2.6;2;2.63;5.26;0;0;0.1;0;0;0;0;0;0;0;0;0;0;0;0;0;470;0;0;0;0;0;0;0;0;0;0;0;0;0;0
10306;entrées et plats composés;plats composés;plats de légumes/légumineuses;25199;Palet ou galette de légumes, préfrit, surgelé;0;79.4;3.29;10.7;5.44;3.34;0;2.61;1.13;2.24;1.12;0;1.05;0.049;0;0;0;0;0;0;0;0;0;0;0;0;0;351;0;0;0;0;0;0;0;0;0;0;0;0;0;0
10306;entrées et plats composés;plats composés;plats de légumes/légumineuses;25208;Palet ou galette de légumes, préfrit, surgelé, cuit;0;78.2;3.31;8.45;5.7;3;4.5;2.6;0.64;2.41;2.29;2.29;2.24;0.05;0.01;0.01;0.01;27.4;40;0.06;0.52;20;16;0.15;58;250;20;301;0.36;21;986;0.25;2.63;20.2;1.23;0.19;0.11;0.1;0.31;0.088;33.8;0.18
10306;entrées et plats composés;plats composés;plats de légumes/légumineuses;25220;Choucroute, sans garniture, égouttée, cuite;75.3;85.6;1.38;0.1;6.6;0.2;0.35;4.5;2.02;3.12;1.08;2.81;0.97;0.1;0.01;0.01;0.01;8.44;43;0.05;0.3;20;6.8;0.09;15;83;20;505;0.15;21;5;0.25;0.4;31;17.2;0.015;0.01;0.1;0.11;0.055;19.1;0.028
10306;entrées et plats composés;plats composés;plats de légumes/légumineuses;25524;Tomate à la provençale, fait maison;0;83.6;1.65;6.55;4.32;2.71;3.84;2;0.94;2.55;0.6;0;0;0;0;0;0;4;23;0.068;0.67;2.37;13.1;0.18;33;247;0.93;188;0.22;11;1480;0.01;1.64;0;21.5;0.063;0.038;0.61;0.32;0.11;22.2;0
10306;entrées et plats composés;plats composés;plats de légumes/légumineuses;25556;Beignet de légumes;0;64.8;3.52;23;8.52;3.03;0;1.95;0.99;4.79;2.36;0;0;0;0;0;0;34;52.4;0.078;0.72;6.62;17.7;0.18;68.1;209;2.55;275;0.4;20.1;197;0.16;2.86;0;13.2;0.058;0.14;0.42;0.39;0.12;43;0.14
10306;entrées et plats composés;plats composés;plats de légumes/légumineuses;25571;Falafel ou Boulette de pois-chiche et/ou fève, frite;252;48;8.25;18.7;14.4;1.4;11.9;7.7;1.5;6.4;5.83;6.18;5.7;0.12;0.01;0.01;0.01;1.95;57;0.3;2.1;20;51;0.93;180;390;20;640;1.3;0;35;0.25;6.9;10;0.5;0.047;0.01;0.1;0.43;0.17;105;0
10306;entrées et plats composés;plats composés;plats de légumes/légumineuses;25588;Gratin de légumes en sauce blanche type béchamel, cuit;0;79.9;3.64;6.74;6.5;3.2;2.9;1;3.48;2.03;0.51;1.76;0.37;0.13;0.01;0.01;0.01;37;84;0.03;0.31;20;13;0.09;88;190;20;255;0.44;55.2;609;0.25;0.81;22.9;1.94;0.064;0.1;0.15;0.43;0.052;24.4;0.33
10306;entrées et plats composés;plats composés;plats de légumes/légumineuses;25590;Falafel ou Boulette de pois-chiche et/ou fève, préemballé;211;55.7;7.38;17.7;10.8;3.57;9.5;6;1.28;5.67;3.32;5.47;3.21;0.11;0.01;0.01;0.01;0;57;0.24;1.6;20;40;0.77;99;340;20;347;1;0;43.8;0.25;4.04;23.6;0.5;0.15;0.044;0.43;0.36;0.082;57.3;0
10307;entrées et plats composés;plats composés;plats de céréales/pâtes;9082;Blé dur précuit cuisiné, en sachet micro-ondable;188;57;4.93;29.5;4.84;2.21;0;2.58;1.11;0;0;0;0;0;0;0;0;0;0;0;0;0;0;0;0;0;0;463;0;0;0;0;8.99;0;0;0.72;0.016;3;0;0.12;118;0
10307;entrées et plats composés;plats composés;plats de céréales/pâtes;9083;Blé dur précuit, grains entiers, cuisiné, à poêler;344;0;11.1;67.2;1.59;2.64;0;6.28;0.69;0;0;0;0;0;0;0;0;0;0;0;0;0;0;0;0;0;0;603;0;0;0;0;0;0;0;0;0;0;0;0;0;0
10307;entrées et plats composés;plats composés;plats de céréales/pâtes;25019;Ravioli à la viande, sauce tomate, appertisé;95.3;79.1;4.22;12.5;2.83;2.23;7.4;1.41;1.14;1.21;0.48;0.87;0.41;0.068;0.0022;0.0011;0.0056;41.4;25.3;0.074;1.09;5.5;13.8;0.24;60.9;169;2.2;382;0.49;0;150;0.14;0.32;0;1.22;0.37;0.27;1.25;0.4;0.15;3;0
10307;entrées et plats composés;plats composés;plats de céréales/pâtes;25081;Lasagnes ou cannelloni à la viande (bolognaise);134;74.3;6.29;13.5;5.72;2.84;8.9;1.91;2.55;1.51;0.75;1.13;0.34;0.054;0.0023;0.00059;0;24.3;44.8;0.12;0.71;8.67;21;0.21;82.9;194;10;385;0.78;12;107;0.11;0.91;0;2.57;0.064;0.1;1.19;0.31;0.12;7.49;0.45
10307;entrées et plats composés;plats composés;plats de céréales/pâtes;25085;Pâtes à la bolognaise (spaghetti, tagliatelles…);116;69.5;5.32;13.6;4.07;2.64;10.5;1.9;1.42;1.34;0.77;0;0.3;0.1;0;0;0;11;14;0.08;0.79;5;19.6;0.15;58.3;176;1.1;329;0.9;0;150;0;1.31;0;4.22;0.05;0.05;1.1;0.4;0.14;9.05;0.32
10307;entrées et plats composés;plats composés;plats de céréales/pâtes;25088;Riz cantonais;164;62.9;5.46;23.6;4.94;1.28;18.4;1.74;0.75;1.48;2.4;1.11;1.33;0.042;0.0093;0;0;15.8;16.7;0.1;0.4;2;8.47;0.1;60.6;78;1.18;361;0.5;4;60;0.5;0.91;0;0.97;0.12;0.051;1.1;0.18;0.085;33;0.14
10307;entrées et plats composés;plats composés;plats de céréales/pâtes;25110;Ravioli chinois à la vapeur à la crevette, cuit;190;59.4;5.5;27.8;5.5;1.1;22.1;3.6;1.55;2.25;1.38;2.01;1.28;0.06;0.01;0.01;0.01;52.3;31;0.04;0.57;20;12;0.045;65;56;20;383;0.31;21;5;0.25;0.97;0.8;0.5;0.015;0.01;0.27;0.061;0.038;24.5;0.65
10307;entrées et plats composés;plats composés;plats de céréales/pâtes;25122;Gratin de pâtes;179;64.7;7.06;16.4;9.2;2.19;11.9;1;4.85;2.84;0.84;2.53;0.71;0.12;0.01;0.01;0.01;20.4;116;0.05;0.4;5.4;20;0.1;137;124;4.9;340;0.88;67;0;0.3;0.34;0;1.1;0.09;0.13;0.64;0.28;0.06;6;0.39
10307;entrées et plats composés;plats composés;plats de céréales/pâtes;25131;Lasagnes ou cannellonis aux légumes, préemballées, cuits;103;74;2.75;11;4.85;4.75;0;2.25;1.5;2.45;0.79;0;0;0;0;0;0;5;0;0;0;0;0;0;0;0;0;222;0;0;0;0;0;0;0;0;0;0;0;0;0;0
10307;entrées et plats composés;plats composés;plats de céréales/pâtes;25135;Pâtes à la carbonara (spaghetti, tagliatelles…);161;66;5.91;14.2;8.7;1.79;12.5;1.18;4.34;2.71;0.69;2.34;0.54;0.048;0;0;0.01;25.9;36.1;0.08;0.45;8;14.6;0.15;86.2;87.1;1;347;1;47.8;60;0.1;1.19;0;0.82;0.13;0.08;1.9;0.3;0.06;7.29;0.11
10307;entrées et plats composés;plats composés;plats de céréales/pâtes;25139;Lasagnes ou cannellonis au poisson, préemballées;148;71.2;7.28;13;7.1;2.03;0;1.68;2.5;1.88;1.51;0;1.08;0.12;0;0;0;0;63;0;0.41;0;0;0;0;0;0;403;0;0;0;0;0;0;0;0;0;0;0;0;0;0
10307;entrées et plats composés;plats composés;plats de céréales/pâtes;25149;Pâtes fraîches farcies (ex : raviolis, tortellinis, ravioles du Dauphiné), au fromage, cuites;226;51.3;10;26.8;8.3;4.4;17.9;1.9;4.64;2.1;0.85;1.85;0.76;0.07;0.02;0.01;0.01;36.2;72.3;0.3;0.48;5.2;16.2;0.2;88.5;47.9;13;317;0.7;24.9;15;0.05;0.1;0;0.2;0.029;0.047;0.29;0.27;0.04;7.47;0.18
10307;entrées et plats composés;plats composés;plats de céréales/pâtes;25150;Couscous de légumes, préemballé;108;71.1;4.32;16.4;2.25;2.54;0;2.24;0.8;0.52;0.83;0;0.76;0.072;0;0;0;0;0;0;0;0;0;0;0;0;0;274;0;0;0;0;0;0;0;0;0;0;0;0;0;0
10307;entrées et plats composés;plats composés;plats de céréales/pâtes;25155;Pâtes fraîches farcies (ex : raviolis, tortellinis), au fromage et aux légumes, préemballées, cuites;219;51.2;7.94;27.8;7.5;3.53;20.8;3.4;2.36;2.66;2.03;2.46;1.92;0.1;0.01;0.01;0.01;27.2;69;0.13;0.57;20;20;0.23;93;130;20;420;0.51;21;157;0.25;0.64;0.8;0.5;0.07;0.07;1.32;0.45;0.058;8.62;0.25
10307;entrées et plats composés;plats composés;plats de céréales/pâtes;25157;Pâtes fraîches farcies (ex : raviolis, totellinis), à la viande (ex : bolognaise), préemballées, crues;265;35.3;11.4;40.3;5.79;3.91;0;3.15;2.45;1.94;1.14;1.94;1.1;0.041;0;0;0.01;0;37.5;0;0.72;0;0;0;0;0;0;512;0;0;0;0;0;0;0;0;0;0;0;0;0;0
10307;entrées et plats composés;plats composés;plats de céréales/pâtes;25158;Pâtes fraîches farcies (ex : raviolis, tortellinis), à la viande (ex : bolognaise), préemballées, cuites;174;60.3;6.94;25.1;4.65;1;22.1;2.15;1.65;1.95;0.82;1.65;0.73;0.069;0.0095;0.0048;0.0048;25.7;29;0.12;0.78;20;17.5;0.26;85.5;95;35;206;0.74;21;82;0.38;0.28;0.74;0.5;0.19;0.049;0.51;0.32;0.051;13.6;0.57
10307;entrées et plats composés;plats composés;plats de céréales/pâtes;25181;Pâtes fraîches farcies (ex : raviolis, tortellinis, ravioles du Dauphiné), au fromage, préemballées, crues;268;42.9;11.3;37.3;7.69;3.83;9.6;2.23;4.28;2.55;0.74;1.71;0.61;0.072;0;0;0.01;49;141;1;1;0;21.7;1;165;112;0;458;1;23;50;0;0.1;0;0;0.07;0.13;0.26;0.47;0.05;11.4;0.6
10307;entrées et plats composés;plats composés;plats de céréales/pâtes;25182;Pâtes fraîches farcies (ex : raviolis, tortellinis), au fromage et aux légumes, préemballées, crues;262;37.5;9.98;41.4;5.69;3.46;0;2.87;2.74;1.17;1.47;1.17;1.43;0.035;0;0;0.01;0;0;0;0;0;0;0;0;0;0;422;0;0;0;0;0;0;0;0;0;0;0;0;0;0
10307;entrées et plats composés;plats composés;plats de céréales/pâtes;25183;Nouilles sautées/poêlées aux crevettes;104;76.4;4.88;12.6;3.4;1.7;10.4;1.6;1.16;0.76;1.18;0.76;1.09;0.05;0.01;0.01;0.02;25.7;22;0.07;0.5;20;19;0.19;54;100;20;334;0.42;21;380;0.25;0.68;7.53;0.5;0.053;0.35;0.37;0.18;0.056;77;0.21
10307;entrées et plats composés;plats composés;plats de céréales/pâtes;25184;Riz blanc, avec poulet, préemballé, cuit;175;0;4.23;31.5;3.19;3.48;0;0.99;0.52;0;0;0;0;0;0;0;0;0;0;0;0;0;0;0;0;0;0;312;0;0;0;0;0;0;0;0;0;0;0;0;0;0
10307;entrées et plats composés;plats composés;plats de céréales/pâtes;25185;Riz blanc, avec légumes et viande, préemballé, cuit;167;0;4.61;28.3;3.57;1.91;0;0.98;0.69;0;0;0;0;0;0;0;0;0;0;0;0;0;0;0;0;0;0;338;0;0;0;0;0;0;0;0;0;0;0;0;0;0
10307;entrées et plats composés;plats composés;plats de céréales/pâtes;25187;Risotto, aux légumes, préemballé;120;73.6;2.74;18.4;3.8;0.85;0;0.5;2;1.3;0.23;1.17;0.2;0.03;0.01;0.01;0.01;0;0;0;0;0;0;0;0;0;0;304;0;0;0;0;0;0;0;0;0;0;0;0;0;0
10307;entrées et plats composés;plats composés;plats de céréales/pâtes;25188;Risotto, aux fruits de mer, préemballé;130;0;5.47;12.5;6.07;2.02;0;1.15;2.92;0;0;0;0;0;0;0;0;0;0;0;0;0;0;0;0;0;0;337;0;0;0;0;0;0;0;0;0;0;0;0;0;0
10307;entrées et plats composés;plats composés;plats de céréales/pâtes;25189;Risotto, aux fromages, préemballé;195;0;5.65;30.9;5.16;0.58;0;0.7;2.49;0;0;0;0;0;0;0;0;0;0;0;0;0;0;0;0;0;0;328;0;0;0;0;0;0;0;0;0;0;0;0;0;0
10307;entrées et plats composés;plats composés;plats de céréales/pâtes;25192;Raviolis aux légumes, sauce tomate, appertisés;91.1;78.5;2.88;13.5;2.45;2.83;10.7;1.7;0.48;0.98;0.98;0.91;0.9;0.08;0.01;0.01;0.01;2.74;15;0.11;1.1;20;16;0.15;32;280;20;300;0.21;21;1170;0.25;0.85;9.31;0.5;0.05;0.033;1.14;0.17;0.096;14.2;0.082
10307;entrées et plats composés;plats composés;plats de céréales/pâtes;25193;Pâtes fraîches farcies (ex : raviolis, tortellinis), aux légumes, préemballées, cuites;156;64.6;5.19;20.9;4.9;1.9;19;3.7;1.93;1.63;1.07;1.5;1.03;0.04;0.01;0.01;0.01;28.5;50;0.1;0.51;20;15;0.2;75;76;20;195;0.48;21;119;0.25;0.81;1.35;0.5;0.057;0.066;0.24;0.32;0.038;42.4;0.49
10307;entrées et plats composés;plats composés;plats de céréales/pâtes;25198;Pâtes en sauce aux fromages (spaghetti, tagliatelles…), préemballées;163;0;7.17;15.9;7.4;5.85;0;1.85;4.35;0;0;0;0;0;0;0;0;0;0;0;0;0;0;0;0;0;0;310;0;0;0;0;0;0;0;0;0;0;0;0;0;0
10307;entrées et plats composés;plats composés;plats de céréales/pâtes;25203;Pâtes fraîches farcies (ex : raviolis, tortellinis), aux légumes, préemballées, crues;255;0;9.4;41.4;5.06;3.14;0;3.02;1.74;0;0;0;0;0;0;0;0;0;0;0;0;0;0;0;0;0;0;339;0;0;0;0;0;0;0;0;0;0;0;0;0;0
10307;entrées et plats composés;plats composés;plats de céréales/pâtes;25216;Pâtes fraîches farcies (ex : raviolis, tortellinis), cuites (aliment moyen);199;55.9;7.98;25.7;6.53;2.82;20;2.52;2.88;2.1;1.11;1.86;1.02;0.072;0.013;0.0049;0.0049;30;54.9;0.18;0.6;8.32;17.2;0.23;86.7;83.1;13.4;287;0.64;15.5;78.5;0.12;0.36;0.75;0.23;0.092;0.055;0.56;0.33;0.047;14.2;0.36
10307;entrées et plats composés;plats composés;plats de céréales/pâtes;25217;Feuille de vigne farcie au riz ou dolmas, égouttée, préemballée;150;67.6;2.5;18.6;6.5;0.8;17.8;2.6;0.85;2.1;3.24;2.01;3.07;0.17;0.01;0.01;0.01;0;70;0.15;1.1;20;14;0.39;42;110;20;534;0.36;0;685;0.25;2.48;64.7;0.5;0.018;0.01;0.1;0.12;0.042;19.9;0
10307;entrées et plats composés;plats composés;plats de céréales/pâtes;25218;Lasagnes ou cannellonis aux légumes, préemballés, cuits;122;74.5;4.38;11.8;5.9;4.3;7.5;0;1.91;2.06;1.54;1.9;1.5;0.04;0.01;0.01;0.01;11.2;76;0.1;0.62;20;20;0.21;85;240;20;238;0.54;21;531;0.25;2.19;6.37;3.34;0.015;0.063;0.1;0.28;0.08;27;0.2
10307;entrées et plats composés;plats composés;plats de céréales/pâtes;25219;Lasagnes ou cannellonis aux légumes et au fromage de chèvre, préemballés, cuits;179;65.6;7;14;10.2;2.3;11.5;1.4;5.23;3.04;1.13;2.82;1.04;0.08;0.01;0.01;0.01;25.6;32;0.03;0.18;20;6.5;0.08;40;59;20;340;0.23;54;235;0.25;1.14;13.7;0.67;0.041;0.089;0.35;0.36;0.047;39.5;0.18
10307;entrées et plats composés;plats composés;plats de céréales/pâtes;25635;Lasagnes ou cannellonis au fromage et aux épinards, préemballés;133;68.1;6.1;11.4;6.6;3.5;0;1.87;3.1;2.46;0.66;0;0.47;0.15;0;0;0;0;0;0;0;0;0;0;0;0;0;397;0;0;0;0;0;0;0;0;0;0;0;0;0;0
10308;entrées et plats composés;plats composés;plats de fromage;4041;Aligot (purée de pomme de terre à la tomme fraîche), préemballé;195;65.1;8.06;9.5;13.3;0.57;0;1.3;8.25;3.5;0.37;2.67;0.21;0.11;0.01;0.01;0.01;0;0;0;0;0;0;0;0;0;0;398;0;0;0;0;0;0;0;0;0;0;0;0;0;0
10308;entrées et plats composés;plats composés;plats de fromage;19437;Fromage de chèvre pané à dorer, préemballé;0;48.6;12.9;15;19.2;3.5;11.3;0;9.99;4.42;3.52;4.09;3.43;0.07;0.02;0.01;0.01;76.9;100;0.05;0.27;20;14;0.13;160;120;20;507;0.69;133;5;0.25;2.79;1.58;0.5;0.043;0.081;0.1;0.21;0.035;24.9;0.17
10308;entrées et plats composés;plats composés;plats de fromage;25020;Soufflé au fromage;184;67.3;12.9;3.8;12.6;1.77;2.03;2.1;7.37;3.85;0.69;0;0;0;0;0;0;118;226;0.04;0.6;14.8;19.7;0.03;196;138;4.74;391;1.37;131;38;0.5;0.6;0;1;0.05;0.24;0.53;0.58;0.06;20.1;0.6
10308;entrées et plats composés;plats composés;plats de fromage;25137;Tartiflette, préemballée;161;68.9;6;13.5;8.9;1.25;9.3;0.8;4.47;2.7;1.05;2.35;0.96;0.07;0.01;0.01;0.01;18.2;74;0.05;0.26;20;14;0.06;95;270;20;300;0.57;35.7;16.5;0.25;0.56;0.82;0.5;0.05;0.061;1.01;0.23;0.13;33.4;0.2
10308;entrées et plats composés;plats composés;plats de fromage;25437;Gougère;399;30.3;16.2;22.7;26.6;0.56;18;1.9;16;7.11;1.65;6.11;1.3;0.17;0.09;0.01;0.04;213;302;0.14;1.34;24.5;22.7;0.15;297;131;8.24;453;1.98;272;116;0.89;0.97;0;0;0.076;0.35;0.29;0.76;0.11;37.4;0.98
10308;entrées et plats composés;plats composés;plats de fromage;25509;Préparation à base de fromage(s) pour fondue savoyarde, préemballée;231;57.4;16.2;2.6;17.2;1.1;0;0;12;4.34;0.42;3.93;0.29;0.13;0.0081;0;0;73.6;517;0.3;0.3;10;21.7;0.1;400;73;5;511;2;126;0;0.5;0.35;0;0;0.04;0.21;0.08;0.12;0.065;16;0.83
10308;entrées et plats composés;plats composés;plats de fromage;25546;Fromage pané au jambon;263;52.6;17.4;15.3;14.6;1.5;13.8;1;7.15;4.31;2.38;4.08;2.27;0.051;0.025;0;0;31.9;84.9;0.1;0.8;13;25.8;0.17;202;246;7;929;1.4;26;21;0.5;4.1;0;1;0.087;0.12;5.7;0.55;0.25;20;0.61
10309;entrées et plats composés;plats composés;plats végétariens;20914;Escalope végétale ou steak à base de soja;0;52.5;15.5;8.7;14.7;2.3;6.4;8.8;0.65;5.2;4.6;4.97;4.35;0.24;0.0059;0.0059;0.0059;3.16;160;0.28;2.3;20;81;0.94;230;380;50;700;1.3;21;24;0.5;0.2;9.26;2;0.13;0.06;0.65;0.34;0.08;54.6;0.4
10309;entrées et plats composés;plats composés;plats végétariens;20917;Tempeh;157;63.7;16.1;7.89;4.7;0.24;0.35;6.2;0.57;1.09;2.79;1.04;2.51;0.24;0.01;0.01;0.01;0;88;0.46;1.7;20;60;1.3;190;310;20;39;1.3;0;5;0.25;1.17;20.3;0.5;0.03;0.18;1.46;0.57;0.091;38.5;0.019
10309;entrées et plats composés;plats composés;plats végétariens;25225;Nuggets de blé (sans soja), préemballé;284;45.7;12.6;22.4;14.9;1.33;18.7;2.55;1.48;7.96;4.72;7.67;4.45;0.27;0.01;0.01;0.01;0;22;0.11;0.88;20;15;0.41;82;340;20;269;0.68;0;5;0.25;6.84;5.24;0.5;0.053;0.01;0.24;0.27;0.026;12.3;0
10309;entrées et plats composés;plats composés;plats végétariens;25226;Nuggets soja et blé (ne convient pas aux véganes ou végétaliens), préemballé;253;48;14.1;18.5;12.6;3.17;14.1;4.18;1.34;5.31;5.3;5.06;5.04;0.26;0.01;0.01;0.01;2;55;0.26;1.7;20;56;0.69;150;400;20;472;0.97;21;13.8;0.25;3.88;0.8;4.36;0.14;0.071;0.31;0.36;0.056;23.1;0.034
10309;entrées et plats composés;plats composés;plats végétariens;25227;Nuggets soja et blé (convient aux véganes ou végétaliens), préemballé;251;45.8;15.5;19.7;10.9;1.75;16.7;5.38;1.14;6.05;3.17;5.91;3.06;0.11;0.01;0.01;0.01;0;61;0.25;2.4;20;50;0.89;160;330;20;556;1;0;21.3;0.25;3.76;2.58;0.5;0.069;0.1;0.61;0.34;0.042;31.5;0
10309;entrées et plats composés;plats composés;plats végétariens;25228;Pané soja et blé (ne convient pas aux véganes ou végétaliens);260;47.7;14.4;16.8;13.9;1.28;14.6;4.39;1.45;6.42;5.35;6.1;4.98;0.36;0.01;0.01;0.01;5.13;50;0.15;2.2;20;38;0.57;140;380;20;411;0.71;21;5;0.25;5.22;9.15;0.5;0.12;0.13;1;0.37;0.048;26.6;0.057
10309;entrées et plats composés;plats composés;plats végétariens;25229;Bâtonnet pané soja et blé (convient aux véganes ou végétaliens), préemballée;245;46.2;16.9;18.8;10;0;15.5;5.41;1.1;4.7;3.69;4.59;3.61;0.08;0.01;0.01;0.01;0;70;0.32;2.5;20;59;1;170;350;20;452;1.3;0;8.16;0.25;2.55;2.64;0.5;0.099;0.026;0.4;0.3;0.075;30.3;0
10309;entrées et plats composés;plats composés;plats végétariens;25230;Escalope panée, soja, blé et fromage, type cordon bleu, préemballée;247;50.2;15.2;15.1;13.1;2.05;12.2;3.28;3.02;5.74;3.7;5.32;3.34;0.35;0.01;0.01;0.01;11.1;170;0.19;1.3;20;40;0.46;190;320;20;601;1.3;24.4;27;0.25;3.35;7.45;0.5;0.074;0.11;0.26;0.35;0.045;31.5;0.33
10309;entrées et plats composés;plats composés;plats végétariens;25231;Raviolis au tofu, à la sauce tomate, préemballés;91.7;77.9;3.13;12.5;2.7;3.14;8.6;2.1;0.41;0.95;1.17;0.91;1.12;0.05;0.01;0.01;0.01;0;28;0.13;0.68;20;18;0.19;46;260;20;322;0.35;0;144;0.25;1.71;6.17;0.5;0.019;0.01;0.57;0.16;0.033;7.76;0
10309;entrées et plats composés;plats composés;plats végétariens;25233;Galette de céréales au fromage (sans soja), préemballé;241;48.4;7;27.8;10.3;2.86;23;4.3;2.56;5.02;2.08;4.86;2.01;0.07;0.01;0.01;0.01;28.5;93;0.2;1.1;20;97;0.8;350;340;20;398;1.3;21;5;0.25;2.07;2.35;0.5;0.083;0.039;0.68;0.44;0.047;12.1;0.12
10309;entrées et plats composés;plats composés;plats végétariens;25234;Galette de céréales aux légumes (sans soja), préemballé;211;52.7;5.31;28;7.6;3.66;21.8;4.4;0.89;4.11;2.23;4.01;2.2;0.03;0.01;0.01;0.01;0;29;0.21;1.3;20;48;0.97;130;220;20;411;1.1;0;149;0.25;2.97;7.3;0.5;0.081;0.01;0.7;0.4;0.054;20.7;0
10309;entrées et plats composés;plats composés;plats végétariens;25589;Boulette végétale au soja et/ou blé, préemballée;211;54.7;17.6;7.98;10.6;3.47;3.2;5.45;1.11;4.5;4.45;4.29;4.21;0.24;0.01;0.01;0.01;5.19;73;0.22;2.4;20;64;0.85;170;620;20;605;1;21;56;0.25;4.61;12.9;0.5;0.048;0.086;0.25;0.22;0.057;27.8;0.078
10309;entrées et plats composés;plats composés;plats végétariens;25591;Galette ou pavé aux lentilles, soja et légumes, préemballé;170;61.2;9.71;16.7;5.6;2.77;10.6;4.76;0.75;2.79;1.76;2.73;1.59;0.17;0.01;0.01;0.01;0;69;0.28;1.9;20;59;0.81;150;230;20;338;1.3;0;457;0.25;2.14;13.5;0.5;0.09;0.01;0.17;0.33;0.052;45.3;0
10309;entrées et plats composés;plats composés;plats végétariens;25592;Galette ou pavé au blé (seitan) et légumes, préemballé;208;54.6;12.5;20.8;7.1;3.97;13.7;3.1;0.73;5.02;1;4.93;0.98;0.02;0.01;0.01;0.01;0;42;0.21;1.2;20;38;0.74;100;150;20;398;1;0;292;0.25;1.65;4.63;0.5;0.083;0.01;0.31;0.29;0.049;46.3;0
10309;entrées et plats composés;plats composés;plats végétariens;25593;Galette ou pavé au blé et soja (convient aux véganes ou végétaliens), préemballé;215;55.5;16;8.15;11;1.87;2.7;6.03;1.04;8.08;1.36;7.92;1.28;0.08;0.01;0.01;0.01;0;89;0.34;3.3;20;75;1.2;200;520;20;519;1.3;0;32.4;0.25;2.67;2.66;0.5;0.046;0.042;0.32;0.35;0.052;39.5;0
10309;entrées et plats composés;plats composés;plats végétariens;25594;Galette ou pavé au blé et soja (ne convient pas aux véganes ou végétaliens), préemballé;201;61.7;10.2;13.3;10.2;2.62;10.7;5.36;1.07;4.16;4.38;3.96;4.18;0.2;0.01;0.01;0.01;4.43;72;0.19;2.2;20;53;0.84;150;400;20;454;0.86;21;32.3;0.25;4.7;7.01;0.5;0.066;0.1;0.49;0.29;0.06;138;0.05
10309;entrées et plats composés;plats composés;plats végétariens;25595;Galette ou pavé au soja et fromage, préemballé;204;60.6;16.8;6.08;12;0.75;4.7;1.8;4.63;2.81;3.78;2.55;3.33;0.44;0.01;0.01;0.01;12.5;250;0.31;1.8;20;84;0.88;280;230;20;427;1.9;35.4;34;0.25;0.75;9.06;0.5;0.052;0.081;0.57;0.3;0.057;23.7;0.24
10309;entrées et plats composés;plats composés;plats végétariens;25596;Galette ou pavé au soja et légumes, préemballé;175;62.6;13.1;8.36;8.1;3.45;3.4;4.97;1.04;3.9;2.77;3.79;2.59;0.18;0.01;0.01;0.01;0;99;0.26;2.1;20;70;0.93;180;430;20;372;1.2;0;158;0.25;2.29;12.3;0.5;0.057;0.038;0.47;0.3;0.043;38.1;0
10309;entrées et plats composés;plats composés;plats végétariens;25597;Galette ou pavé au soja, fromage et légumes, préemballé;180;62.5;15.1;7.72;9.1;2.03;5.2;2.83;2.36;2.6;3.7;2.45;3.3;0.4;0.01;0.01;0.01;6.12;170;0.33;2;20;82;0.99;210;320;20;389;1.5;21;118;0.25;1.74;12.8;0.5;0.086;0.044;0.49;0.31;0.055;23.3;0.08
10309;entrées et plats composés;plats composés;plats végétariens;30181;Haché végétal à base de soja, préemballé;143;67.5;11.5;7.01;5.8;4.19;0.35;5.23;0.64;3.51;1.34;3.45;1.21;0.13;0.01;0.01;0.01;0;67;0.41;2.2;20;66;0.78;170;620;20;312;1.2;0;167;0.25;2.09;6.09;0.5;0.052;0.037;1.15;0.4;0.081;34;0
0;entrées et plats composés;pizzas, tartes et crêpes salées;-;25404;Pizza au fromage ou Pizza margherita, préemballée;227;49.3;8.93;29.6;7.64;2.72;17.6;1.67;3.4;2.45;1.37;2.12;1.26;0.11;0;0;0;17.2;239;0.097;1.14;33.4;22.9;0.25;286;170;4.5;493;1.52;64;97;0;1.29;9.7;5.5;0.24;0.17;1.3;0.21;0.086;40;0.55
0;entrées et plats composés;pizzas, tartes et crêpes salées;-;25405;Quiche lorraine, préemballée;274;53.2;8.96;21;16.8;2.67;0;1.29;8.63;5.78;1.55;4.73;1.3;0.09;0.048;0.0033;0.013;95.4;116;0.047;0.63;31;17.8;0.097;145;164;10;503;0.8;52.3;0;1.21;1.55;0;0.71;0.12;0.16;0.47;0;0.095;17.1;0.3
0;entrées et plats composés;pizzas, tartes et crêpes salées;-;25409;Crêpe ou Galette fourrée béchamel jambon, préemballée;136;0;5.75;18.7;4;1.89;16.8;1.2;0.95;1.72;1.1;1.72;1.02;0.064;0.018;0.00024;0.0021;30;41;0.1;0.73;5;16.9;0.22;74.6;220;0;236;0.88;0;0;0;0;0;0;0;0;0;0;0;0;0
0;entrées et plats composés;pizzas, tartes et crêpes salées;-;25410;Crêpe ou Galette fourrée béchamel jambon fromage, préemballée;182;62.6;8.83;19.1;7.5;1.7;17.4;1.55;3.9;1.85;0.49;1.85;0.46;0.019;0.01;0;0.01;15.2;105;0.1;0.49;12.6;14.9;0.15;118;148;5.06;466;0.61;17.4;0;0.73;1.24;0;1.59;0.19;0.19;0;0;0.11;30.4;0.34
0;entrées et plats composés;pizzas, tartes et crêpes salées;-;25411;Crêpe ou Galette fourrée béchamel champignon, préemballée;150;66;4.83;20.7;5.02;2.7;0;1.32;0.92;0;0;0;0;0;0;0;0;0;59.5;0;0.3;0;14;0;0;260;0;333;0;0;0;0;0;0;0;0;0;0;0;0;0;0
0;entrées et plats composés;pizzas, tartes et crêpes salées;-;25417;Tarte aux légumes, préemballée;216;57.4;5;21.8;11.7;3.2;0;1.7;6;4.28;0.91;0;0;0.15;0;0;0;0;104;0.058;0;0;13.9;0.13;0;242;2.95;392;0.62;0;0;0;0;0;0;0;0;0;0;0;0;0
0;entrées et plats composés;pizzas, tartes et crêpes salées;-;25435;Pizza jambon fromage, préemballée;218;45.3;10.3;28;6.69;2.91;0;2.34;3.2;2.18;1;2.02;0.87;0.096;0.017;0;0.01;20.3;174;0.1;0.7;6;24.4;0.2;170;234;8;608;1.4;43;100;0.5;1.1;0;1.45;0.18;0.12;1.9;0.37;0.2;17;0.46
0;entrées et plats composés;pizzas, tartes et crêpes salées;-;25444;Tarte au fromage, préemballée;289;50.5;10.3;20.7;18;1.63;17.5;1.57;9.93;6.45;1.43;5.55;1.35;0.066;0;0;0.018;59.1;180;0;0.54;0;16;0;151;110;0;427;0;66.2;0;1.06;1.34;0;0.21;0.05;0.16;0;0;0.07;13.7;0.46
0;entrées et plats composés;pizzas, tartes et crêpes salées;-;25454;Tarte à la provençale, préemballée;241;54.3;5.5;20;14.3;2.9;17.1;5.3;4.15;5.39;1.75;4.32;1.43;0.15;0;0;0;45.4;62.5;0.1;0.63;8.7;14.5;0.2;80.8;140;4.92;293;0.5;37.5;0;0.95;1.54;0;4.25;0.05;0.1;0;0;0.1;14.7;0.22
0;entrées et plats composés;pizzas, tartes et crêpes salées;-;25457;Pizza à la viande, type bolognaise, préemballée;227;45;10.3;27.2;8.03;2.94;0;2.16;2.85;3.55;1.44;0;0.77;0.17;0;0;0;19;144;0.21;1.36;0;27;0.32;211;189;0;534;1.87;61;92;0;0.92;6.7;4.2;0.25;0.21;2.16;0.44;0.14;29;0.8
0;entrées et plats composés;pizzas, tartes et crêpes salées;-;25459;Burritos;170;62.5;8;14.3;8.5;1.9;6.8;1.9;4.33;2.93;0.87;2.93;0.7;0.11;0.052;0.0045;0.0045;29.1;88;0.07;1.1;20;20;0.14;170;260;50;299;1.8;21;470;0.5;0.58;8;6.5;0.098;0.07;1.7;0.26;0.11;14.9;1.36
0;entrées et plats composés;pizzas, tartes et crêpes salées;-;25460;Fajitas;158;63.7;12.7;16;4.5;2.2;9;1.4;1.96;1.53;0.78;1.3;0.59;0.11;0.021;0.0086;0.0021;30.6;77;0.06;0.55;20;23;0.14;210;280;50;357;0.66;21;385;0.5;0.93;3.17;19.6;0.12;0.06;3.48;0.57;0.24;23.4;0.42
0;entrées et plats composés;pizzas, tartes et crêpes salées;-;25462;Pizza au chorizo ou salami, préemballée;248;48.2;10.4;26.5;10.7;3.29;0;2.04;4.55;3.55;1.02;2.93;0.83;0.13;0;0;0.01;5;135;0;0;0;0;0;0;0;0;608;0;0;0;0;0;0;0;0;0;0;0;0;0;0
0;entrées et plats composés;pizzas, tartes et crêpes salées;-;25463;Pizza aux fruits de mer, préemballée;200;0;10.3;24.6;6.65;1.5;0;0.5;2.5;2.23;1.63;0;0;0;0;0;0;0;0;0;0;0;0;0;0;0;0;500;0;0;0;0;0;0;0;0;0;0;0;0;0;0
0;entrées et plats composés;pizzas, tartes et crêpes salées;-;25464;Pizza au saumon, préemballée;231;48.3;10.1;26.7;8.78;3.04;21.7;2.31;2.9;3.37;1.77;3.37;1.38;0.33;0.01;0.03;0.03;25.3;110;0.09;0.54;20;22;0.28;160;190;20;492;0.84;35.4;144;0.79;1.68;7.16;0.5;0.1;0.057;1.28;0.26;0.093;15;0.6
0;entrées et plats composés;pizzas, tartes et crêpes salées;-;25468;Pizza au chèvre et lardons, préemballée;245;49.5;10.7;26.9;9.96;3.17;0;2.36;4.83;3.35;1.08;2.9;0.8;0.19;0;0;0.01;0;136;0;0;0;0;0;0;0;0;590;0;0;0;0;0;0;0;0;0;0;0;0;0;0
0;entrées et plats composés;pizzas, tartes et crêpes salées;-;25472;Pizza aux légumes ou Pizza 4 saisons, préemballée;214;51.8;8.48;25.7;8;3.62;21.3;2.81;3.1;2.37;1.1;0.08;0.95;0.15;0.01;0.01;0.01;19;120;0.1;0.61;20;20;0.25;130;200;20;439;0.92;29.7;153;0.25;0.73;1.67;1.52;0.09;0.09;0.54;0.29;0.099;25.8;0.3
0;entrées et plats composés;pizzas, tartes et crêpes salées;-;25477;Pizza champignons fromage, préemballée;217;0;7.8;31.6;6.1;1.9;0;2.4;2.1;0;0;0;0;0;0;0;0;0;0;0;0;0;0;0;0;0;0;450;0;0;0;0;0;0;0;0;0;0;0;0;0;0
0;entrées et plats composés;pizzas, tartes et crêpes salées;-;25478;Pizza 4 fromages, préemballée;267;42.6;13.1;28.2;10.5;2.61;0;2.7;5.51;3.19;1.04;2.84;0.88;0.15;0.01;0.01;0.01;28.5;267;0;0.81;8.8;22;0;176;141;0;444;0;46;0;0.05;1.08;0;3.64;0.14;0.14;0;0;0.15;52.9;0.28
0;entrées et plats composés;pizzas, tartes et crêpes salées;-;25516;Pizza (aliment moyen);233;47.5;10.7;27.3;8.39;2.93;;2.38;3.93;2.69;1.07;2.24;0.86;0.12;0.01;0.0036;0.005;20.8;196;;0.78;11;22.1;;181;187;;509;;41.4;;0.16;1.11;;3.37;0.17;0.13;;;0.16;35.2;0.39
0;entrées et plats composés;pizzas, tartes et crêpes salées;-;25528;Pissaladière, préemballée;284;0;6.4;33.8;13.1;2.9;0;2.5;1.5;0;0;0;0;0;0;0;0;0;0;0;0;0;0;0;0;0;0;0;0;0;0;0;0;0;0;0;0;0;0;0;0;0
0;entrées et plats composés;pizzas, tartes et crêpes salées;-;25529;Tarte à l'oignon, préemballée;280;0;7;23.5;17.2;5.63;0;1.9;7.5;0;0;0;0;0;0;0;0;0;0;0;0;0;0;0;0;0;0;367;0;0;0;0;0;0;0;0;0;0;0;0;0;0
0;entrées et plats composés;pizzas, tartes et crêpes salées;-;25548;Pizza jambon fromage champignons ou pizza royale, reine ou regina, préemballée;205;54.4;9.54;25.7;6.66;3.16;21.2;2.3;2.91;2.3;0.98;2.01;0.64;0.069;0;0;0.01;15.6;155;0.1;0.7;11.2;20.1;0.25;174;211;6.5;524;1.16;27.5;0;0.5;1.18;0;4.84;0.19;0.14;1.84;0.57;0.17;31;0.38
0;entrées et plats composés;pizzas, tartes et crêpes salées;-;25549;Crêpe ou Galette fourrée béchamel fromage, préemballée;149;65.5;6.02;17.7;5.75;3.86;13.8;1.05;2.02;2.35;1.06;0;0;0;0;0;0;37.3;87.5;0;0.35;0;18.6;0;162;118;0;404;0;33.9;0;0.47;0.93;0;0.37;0.1;0.2;0;0;0.08;29.3;0.5
0;entrées et plats composés;pizzas, tartes et crêpes salées;-;25550;Flammenkueche ou Tarte flambée aux lardons, préemballée;300;40.3;8.81;31.8;14.8;4.15;26.3;1.7;6.27;5.41;2.18;4.77;1.85;0.26;0.02;0.01;0.01;14.2;52;0.1;0.6;7;19.4;0.2;102;230;5;654;0.8;26;8;0.5;1.4;0;0.8;0.19;0.1;1.75;0.43;0.21;20;0.44
0;entrées et plats composés;pizzas, tartes et crêpes salées;-;25552;Crêpe ou Galette fourrée béchamel jambon fromage champignon, préemballée;159;69.4;8.3;16.6;6.3;2.7;10.7;1.2;1.5;2.22;1.18;0;0;0;0;0;0;31.2;35.3;0;0.6;0;12.3;0;86;86.6;0;260;0;17.6;0;0.48;0.94;0;1.23;0.15;0.17;0;0;0.1;30.5;0.26
0;entrées et plats composés;pizzas, tartes et crêpes salées;-;25553;Tarte ou Tourte aux poireaux, préemballée;243;54.5;5.76;21.6;14.3;2.34;16;2.48;7.72;4.54;1.44;4.28;1.29;0.13;0.017;0.01;0.01;51.1;95;0.06;0.6;20;14;0.24;110;130;20;381;0.66;58.2;216;0.25;1.28;14.6;0.5;0.074;0.11;0.11;0.36;0.06;87.1;0.45
0;entrées et plats composés;pizzas, tartes et crêpes salées;-;25555;Tarte au saumon, préemballée;215;55.3;8.53;21;10.5;1.63;19.3;1.4;6.3;3;1.15;3;0.88;0.15;0.012;0.013;0.039;20.9;59.2;0.1;0.63;12.4;17.7;0.2;111;162;10.3;333;0.42;49.9;0;2.59;1.47;0;1.83;0.07;0.14;0;0;0.17;20.1;0.73
0;entrées et plats composés;pizzas, tartes et crêpes salées;-;25560;Tourte au riesling, préemballée;251;0;10.2;23.7;12.6;2.25;0;1.2;6.2;0;0;0;0;0;0;0;0;0;0;0;0;0;0;0;0;0;0;0;0;0;0;0;0;0;0;0;0;0;0;0;0;0
0;entrées et plats composés;pizzas, tartes et crêpes salées;-;25561;Tarte à la tomate, préemballée;218;58.4;5.17;19.3;12.8;4.2;13.9;2.9;7.67;3.39;0.59;3.39;0.48;0.1;0.01;0.01;0.01;32.6;21;0.05;0.77;20;16;0.33;64;280;20;318;0.28;81.5;551;0;0.62;3.61;5.2;0.05;0.025;0.44;0.28;0.091;40.9;0.071
0;entrées et plats composés;pizzas, tartes et crêpes salées;-;25562;Crêpe ou Galette complète (oeuf, jambon, fromage), préemballée;209;56.8;12.7;15.2;9.8;1.1;9.8;4.5;6.02;2.59;0.76;2.59;0.56;0.052;0.044;0.01;0.1;105;240;0.11;0.96;20;52;0.24;280;190;20;445;1.8;116;0;0.25;0.41;1.49;0.9;0.19;0.17;1.1;0.75;0.11;38.1;1.04
0;entrées et plats composés;pizzas, tartes et crêpes salées;-;25564;Tarte aux noix de Saint-Jacques, préemballée;266;0;8.25;24.2;14.5;2.5;0;3;5.9;0;0;0;0;0;0;0;0;0;0;0;0;0;0;0;0;0;0;449;0;0;0;0;0;0;0;0;0;0;0;0;0;0
0;entrées et plats composés;pizzas, tartes et crêpes salées;-;25568;Pastilla au poulet, préemballée;218;54.8;12.3;14.1;12.2;3.85;0;1.5;1.75;7.5;2.23;0;0;0;0;0;0;0;0;0;0;0;0;0;0;0;0;595;0;0;0;0;0;0;0;0;0;0;0;0;0;0
0;entrées et plats composés;pizzas, tartes et crêpes salées;-;25570;Pizza aux lardons, oignons et fromage, préemballée;255;0;11.2;27.7;10.6;3.7;0;2.2;6;0;0;0;0;0;0;0;0;0;192;0;0;0;0;0;0;0;0;570;0;0;0;0;0;0;0;0;0;0;0;0;0;0
0;entrées et plats composés;pizzas, tartes et crêpes salées;-;25572;Crêpe ou Galette aux noix de St Jacques, préemballée;168;0;7.7;15.8;8;2.8;0;1.2;2.4;0;0;0;0;0;0;0;0;0;0;0;0;0;0;0;0;0;0;0;0;0;0;0;0;0;0;0;0;0;0;0;0;0
0;entrées et plats composés;pizzas, tartes et crêpes salées;-;25573;Tarte ou quiche salée (aliment moyen);267;51.9;8.11;22.7;15.6;3.14;;1.76;7.83;5.16;1.65;4.47;1.24;0.12;0.034;0.0043;0.011;66.8;90.6;0.049;0.64;21.7;17.4;0.16;123;187;6.01;479;0.7;53.7;;0.98;1.35;;1.38;0.11;0.13;0.63;;0.11;27;0.31
0;entrées et plats composés;pizzas, tartes et crêpes salées;-;25581;Crêpe ou Galette fourrée béchamel champignon, cuite, préemballée;172;63.4;5.5;18.5;7.7;3.16;15.3;3.4;2.48;2.16;2.57;1.99;2.54;0.03;0.01;0.01;0.01;34.5;82;0.07;0.43;20;14;0.18;100;180;20;304;0.53;25.4;5;0.25;1.88;0.8;0.5;0.068;0.15;0.5;0.75;0.027;31.7;0.21
0;entrées et plats composés;pizzas, tartes et crêpes salées;-;25623;Tarte au maroilles ou Flamiche au maroilles, préemballée;315;0;14.1;22.1;18.3;2.8;0;2.5;12.8;0;0;0;0;0;0;0;0;0;0;0;0;0;0;0;0;0;0;0;0;0;0;0;0;0;0;0;0;0;0;0;0;0
0;entrées et plats composés;pizzas, tartes et crêpes salées;-;25625;Crêpe ou Galette fourrée au poisson et / ou fruits de mer, préemballée;206;0;8.5;14.3;12.4;2.4;0;1.6;6.95;0;0;0;0;0;0;0;0;0;0;0;0;0;0;0;0;0;0;445;0;0;0;0;0;0;0;0;0;0;0;0;0;0
0;entrées et plats composés;pizzas, tartes et crêpes salées;-;26256;Ficelle picarde, préemballée;151;0;8.6;11.9;7.5;2.7;0;0.6;2.8;0;0;0;0;0;0;0;0;0;0;0;0;0;0;0;0;0;0;0;0;0;0;0;0;0;0;0;0;0;0;0;0;0
0;entrées et plats composés;pizzas, tartes et crêpes salées;-;26267;Tarte épinard chèvre, préemballée;244;51.7;7.08;22.2;13.6;3;18.3;2.05;7.34;4.14;1.42;3.81;1.05;0.15;0.02;0.01;0.01;46.4;79;0.05;0.77;20;19;0.32;98;180;20;393;0.56;69;893;0.25;0.54;7.14;0.5;0.07;0.12;0.2;0.22;0.054;62.5;0.2
0;entrées et plats composés;pizzas, tartes et crêpes salées;-;26268;Tielle sétoise, préemballée;306;39.4;8.15;30.9;16;5.05;0;2.95;2.8;4.21;8.24;0;0;0;0;0;0;0;0;0;0;0;0;0;0;0;0;610;0;0;0;0;0;0;0;0;0;0;0;0;0;0
0;entrées et plats composés;pizzas, tartes et crêpes salées;-;26270;Pizza au thon, préemballée;220;0;10.8;23.3;8.78;3.47;0;2.2;2.97;0;0;0;0;0;0;0;0;0;0;0;0;0;0;0;0;0;0;397;0;0;0;0;0;0;0;0;0;0;0;0;0;0
0;entrées et plats composés;pizzas, tartes et crêpes salées;-;26271;Pizza kebab, préemballée;211;0;9.4;26.6;7.01;3.04;0;1.85;3.5;0;0;0;0;0;0;0;0;0;0;0;0;0;0;0;0;0;0;549;0;0;0;0;0;0;0;0;0;0;0;0;0;0
0;entrées et plats composés;pizzas, tartes et crêpes salées;-;26272;Pizza au poulet, préemballée;215;48.3;9.95;27.5;6.68;2.96;0;2.32;3.23;2.3;1.06;2.03;0.82;0.17;0;0;0.01;0;0;0;0;0;0;0;0;0;0;462;0;0;0;0;0;0;0;0;0;0;0;0;0;0
0;entrées et plats composés;pizzas, tartes et crêpes salées;-;26273;Pizza type raclette ou tartiflette, préemballée;276;0;11.8;27.5;12.7;2.77;0;2.4;5.93;0;0;0;0;0;0;0;0;0;0;0;0;0;0;0;0;0;0;603;0;0;0;0;0;0;0;0;0;0;0;0;0;0
0;entrées et plats composés;pizzas, tartes et crêpes salées;-;26274;Pizza au speck ou jambon cru, préemballée;240;47;12.2;25.7;9.43;3.47;0;1.6;4.67;3.35;1.07;0;0.94;0.06;0;0;0;0;163;0;0;0;0;0;0;0;0;767;0;0;0;0;0;0;0;0;0;0;0;0;0;0
0;entrées et plats composés;sandwichs;-;7811;Focaccia, garnie;233;0;8;29.5;8.75;4.25;0;2.25;1.75;0;0;0;0;0;0;0;0;0;0;0;0;0;0;0;0;0;0;585;0;0;0;0;0;0;0;0;0;0;0;0;0;0
0;entrées et plats composés;sandwichs;-;7812;Fougasse, garnie;306;34.4;9.53;38.8;11.8;1.47;37.3;3.2;2.74;7.23;1.2;0;0;0;0;0;0;8.9;76.6;0.11;1.24;18;23.7;0.39;88.9;177;4.51;711;0.95;0;21;0;1.22;0;0.1;0.12;0.061;1.38;0.31;0.1;16.8;0.074
0;entrées et plats composés;sandwichs;-;25400;Croque-monsieur, fait maison;0;45.1;14.3;0;18.4;0;0;0;0;0;0;0;0;0;0;0;0;81.7;249;0.08;1.32;11;21.9;0;200;189;0;686;1.34;120;0;0.15;0.55;0;0.02;0.2;0.16;1.55;0;0;0;0
0;entrées et plats composés;sandwichs;-;25403;Hot-dog, préemballé;278;44.5;10.9;26.3;13.8;5.2;19.1;1.6;5.18;6.19;1.7;5.37;1.41;0.22;0.02;0.01;0.01;34.7;56;0.08;0.85;20;17;0.26;150;210;20;676;1.1;21;0;0.25;1;3.7;0.5;0.11;0.051;1.37;0.4;0.068;31.2;0.5
0;entrées et plats composés;sandwichs;-;25413;Hamburger, provenant de fast food;246;46.1;13.3;28.3;8.44;5.95;20.7;1.8;2.82;3.64;0.55;3.07;0.52;0.023;0;0.00095;0;29;64;0.08;1.23;16.9;29.7;0.22;110;251;10;492;2.26;0;34;0.1;0.07;4.9;0.3;0.35;0.19;4.06;0.37;0.11;17;1.2
0;entrées et plats composés;sandwichs;-;25414;Cheeseburger, provenant de fast food;268;46.3;13.7;23.1;12.9;5.47;17.7;1.8;5.07;5.37;1.3;3.81;0.87;0.18;0.011;0;0;25;91.3;0.1;1.2;15;21.3;0.2;142;198;0;528;2.1;50;55;0.1;0.09;5.5;0.4;0.32;0.19;3.51;0.42;0.37;7;1.31
0;entrées et plats composés;sandwichs;-;25415;Double cheeseburger, provenant de fast food;299;43.8;15.5;21.5;16.7;0;19.8;1;6.32;6.51;0;6.51;1.08;0.34;0;0;0;48.4;104;0.15;1.4;5;20.2;0.2;161;184;6.6;461;2.9;34;0;0.5;1.35;0;0.9;0.089;0.15;2.99;0.35;0.2;28.9;0.99
0;entrées et plats composés;sandwichs;-;25416;Burger au poisson, provenant de fast food;263;46.1;12.2;26.7;11.5;3.9;21.8;1.5;4.92;2.87;2.99;2.58;2.96;0.03;0.01;0.01;0.01;26;55;0.06;0.49;20;22;0.25;140;210;20;440;0.59;21;0;0.81;2.83;9.23;0.5;0.049;0.01;0.63;0.33;0.066;23.3;0.83
0;entrées et plats composés;sandwichs;-;25428;Sandwich grec ou Kebab, pita, crudités;233;51.8;15.2;17.4;10.9;1.1;15.9;2.3;3.57;3.9;0.74;3.04;0.66;0.066;0.013;0;0;47.3;33.6;0.2;0.95;3;21.5;0.2;0;316;0;492;1.8;0;0;0;0;0;0;0;0;0;0;0;0;0
0;entrées et plats composés;sandwichs;-;25429;Sandwich grec ou Kebab, baguette, crudités;246;48.1;15;23.6;9.8;2.6;21;2;4.26;3.31;0.63;0;0;0;0;0;0;32;22.1;0.1;2.1;4.87;22.4;0.3;117;263;10;469;2.05;1;62;0;0.2;0;2;0.09;0.11;2.3;0.4;0.13;15;0.88
0;entrées et plats composés;sandwichs;-;25431;Sandwich baguette, thon, crudités (tomate, salade), mayonnaise;274;43;10.3;32;11.3;1.4;30.5;1.78;2.54;2.62;5.68;0;0;0;0;0.0072;0.03;24.6;26.8;0.079;0.83;15.1;19.5;0.31;90;160;11.3;514;0.53;49.1;132;0.73;4.05;0;2.63;0.051;0.055;2.73;0.28;0.13;19;0.63
0;entrées et plats composés;sandwichs;-;25434;Sandwich panini, jambon cru, mozzarella, tomates;243;46.6;14.2;27.2;8.35;0;0;1.4;0;0;0;0;0;0;0;0;0;0;97;0;1.1;0;16.9;0;0;184;0;493;1.3;0;0;0;0;0;0;0;0;0;0;0;0;0
0;entrées et plats composés;sandwichs;-;25475;Sandwich baguette, jambon, oeuf dur, crudités (tomate, salade), beurre;222;49.1;10.1;30.9;5.98;2.55;28.4;1.88;3.01;1.7;0.55;0;0;0;0;0;0;44.1;24.6;0.093;0.97;7.66;19.2;0.3;108;186;8.61;569;0.84;42.9;179;0.2;0.43;0;5.77;0.2;0.11;1.49;0.39;0.13;22.8;0.16
0;entrées et plats composés;sandwichs;-;25476;Sandwich baguette, poulet, crudités (tomate, salade), mayonnaise;247;43.3;10;36.3;6.35;3;32.1;2.23;0.92;2.99;1.57;2.7;1.16;0.39;0;0;0.01;23.3;27.4;0.14;1.04;12.7;20.2;0.35;96.7;167;9.39;557;0.71;1.85;111;0.069;2.56;0;3.61;0.07;0.066;1.85;0.41;0.15;20.4;0.08
0;entrées et plats composés;sandwichs;-;25485;Sandwich baguette, jambon emmental, préemballé;285;41.3;13.3;26.9;13.1;2.55;0;3;5.3;3.58;0.77;2.88;0.52;0.12;0;0;0.01;0;0;0;0;0;0;0;0;0;0;635;0;0;0;0;0;0;0;0;0;0;0;0;0;0
0;entrées et plats composés;sandwichs;-;25488;Sandwich baguette, saumon fumé, beurre;265;37.4;11.5;40.8;5.6;2.65;38.2;2.4;2.49;1.21;1.14;0;0;0;0;0.42;0.27;15.8;26.5;0.15;0.91;22.3;21.8;0.39;118;178;11.2;742;0.6;26.1;7.2;2.28;0.7;0;2.84;0.1;0.062;2.39;0.38;0.23;21.3;0.9
0;entrées et plats composés;sandwichs;-;25490;Sandwich baguette, thon, maïs, crudités, préemballé;198;54.6;8.87;25;6.03;2.83;0;3.93;1.02;3.25;1.57;2.67;1.14;0.39;0;0;0.03;0;0;0;0;0;0;0;0;0;0;410;0;0;0;0;0;0;0;0;0;0;0;0;0;0
0;entrées et plats composés;sandwichs;-;25502;Burger au poulet;249;49;12.7;23.8;11;2.9;18.4;1.2;1.88;5.84;2.66;5.45;2.21;0.45;0.01;0.01;0.01;27.7;66;0.07;0.6;20;22;0.25;170;220;20;463;0.71;21;0;0.25;2.1;9.45;0.5;0.1;0.051;3.67;0.79;0.16;33.4;0.3
0;entrées et plats composés;sandwichs;-;25513;Pan bagnat;215;51.1;7.95;30.3;6.48;3.2;22.3;1.98;0.98;4.41;0.81;0;0;0;0;0;0;23.8;37.9;0.053;0.69;7.52;26.1;0.2;59.8;157;3.83;428;0.33;14.5;150;0.59;1.56;0;12.2;0.055;0.071;1.34;0.31;0.13;25.5;0.86
0;entrées et plats composés;sandwichs;-;25517;Sandwich baguette, jambon, beurre;285;39.3;9.93;33.7;11.5;2.34;31.3;3.17;5.92;3.88;1.14;3.19;0.84;0.21;0;0;0.01;38.8;54.6;0.11;0.95;5.63;34.7;0.55;152;171;3.41;675;1.22;71.4;20;0.21;0.4;0;3.09;0.31;0.1;2.21;0.32;0.17;17;0.15
0;entrées et plats composés;sandwichs;-;25518;Sandwich baguette, camembert, beurre;339;32.9;11.9;34.3;16.7;2.18;32.2;1.92;10.4;4.6;0.71;0;0;0;0;0;0;45.1;137;0.11;0.7;7.57;20.6;0.34;150;111;4.02;670;1.42;153;68.6;0.21;0.52;0;0;0.062;0.2;0.86;0.41;0.13;40.4;0.68
0;entrées et plats composés;sandwichs;-;25519;Sandwich baguette, pâté, cornichons;298;39.8;10.1;32.1;13.9;2.44;29.7;1.99;6.12;5.24;1.43;0;0;0;0;0;0;49.5;26.2;0.26;2.49;5.59;18.1;0.36;119;143;5.02;712;1.17;1340;52;0.25;0.36;0;1.67;0.12;0.33;3.13;0.99;0.14;37.8;1
0;entrées et plats composés;sandwichs;-;25520;Sandwich baguette, saucisson, beurre;383;26.6;13.7;32;21.6;2.36;29.6;3.05;9.43;8.01;2.41;6.67;1.93;0.26;0;0;0.01;50.5;29.1;0.12;1.09;5.13;22.2;0.36;129;224;3.56;828;1.34;70.9;20;0.12;0.43;0;2;0.32;0.12;2.77;0.42;0.24;18;0.3
0;entrées et plats composés;sandwichs;-;25521;Sandwich baguette, jambon, emmental, beurre;286;37.5;12.2;32.7;10.9;2.87;28;4.17;5.3;3.91;1.15;3.15;0.81;0.2;0;0;0.01;50.6;188;0.12;0.83;10.2;23.2;0.3;242;152;5.03;614;1.79;103;31.7;0.36;0.42;0;2.33;0.25;0.14;1.73;0.31;0.14;15.8;0.47
0;entrées et plats composés;sandwichs;-;25522;Sandwich (aliment moyen);243;46.6;14.2;27.2;8.35;;;1.4;;;;;;;;;;;97;;1.1;;16.9;;;184;;493;1.3;;;;;;;;;;;;;
0;entrées et plats composés;sandwichs;-;25523;Toasts ou Canapés salés, garnitures diverses, préemballés;233;55.1;9.09;17.8;13.3;5.75;11.7;2.8;5.94;5.31;1.43;5.31;1.26;0.17;0;0;0;57.2;153;0.096;1.79;7.17;23.4;0.18;181;152;3.77;445;1.38;446;41.4;0.32;0.42;0;1.57;0.27;0.27;3.43;0.6;0.16;26.1;0.72
0;entrées et plats composés;sandwichs;-;25530;Sandwich baguette, crudités diverses, mayonnaise;221;52;6.54;30;7.9;2.67;27.3;2.18;1.69;2.02;3.76;0;0;0;0;0;0;37.6;26.6;0.092;0.87;14.9;16.6;0.31;75.9;153;6.77;426;0.54;16.6;672;0.17;2.88;0;7.02;0.062;0.074;0.69;0.37;0.092;31.1;0.13
0;entrées et plats composés;sandwichs;-;25531;Sandwich baguette, dinde, crudités (tomate, salade), mayonnaise;255;44.9;12.4;30.6;8.82;2.24;28.3;1.86;1.94;2.06;4.49;0;0;0;0;0;0;28.5;23.3;0.096;0.99;13;19.8;0.3;108;174;12.9;446;0.97;1.68;111;0.05;3.14;0;3.11;0.07;0.083;2.19;0.43;0.16;19.5;0.32
0;entrées et plats composés;sandwichs;-;25532;Sandwich baguette, oeuf, crudités (tomate, salade), mayonnaise;247;47.7;8.52;30.9;9.47;2.38;28.5;1.89;2.18;2.57;3.97;0;0;0;0;0;0;95.7;33.6;0.092;1.08;21.2;16.4;0.31;101;135;8.6;457;0.68;44.8;135;0.43;2.99;0;3.31;0.07;0.14;0.59;0.55;0.092;39;0.3
0;entrées et plats composés;sandwichs;-;25533;Sandwich baguette, porc, crudités (tomate, salade), mayonnaise;267;44;12;30.1;10.6;2.3;27.8;1.86;2.61;3.02;4.49;0;0;0;0;0;0;29.5;21.6;0.091;0.98;12.3;19.2;0.3;125;178;10.4;449;1;1.68;111;0.05;3.14;0;3.11;0.21;0.1;1.67;0.37;0.16;19.9;0.45
0;entrées et plats composés;sandwichs;-;25535;Sandwich baguette, merguez, ketchup moutarde;282;40.2;13.1;31;11.4;2.92;28.1;1.81;5.2;4.59;0.75;0;0;0;0;0;0;28.5;26.6;0.091;1.25;40.5;20.9;0.3;100;280;6.68;851;1.31;9.66;258;0.084;0.82;0;0.64;0.12;0.11;2.14;0.34;0.15;15.3;0.51
0;entrées et plats composés;sandwichs;-;25536;Sandwich baguette, salami, beurre;379;28;12.5;33.2;21.4;2.01;31.2;1.82;9.65;8.32;2.04;0;0;0;0;0;0;43.8;25.3;0.1;1.41;5.08;17.5;0.36;133;160;6.85;1070;1.39;45.9;20;0.34;0.31;0;0;0.15;0.1;1.7;0.47;0.14;14.5;0.54
0;entrées et plats composés;sandwichs;-;25542;Croque-madame;264;50.7;13.7;16.9;15.5;1.37;14.9;1.13;7.42;5.19;1.5;0;0;0;0;0;0;172;200;0.069;1.27;16.1;19.5;0.2;189;154;10.9;515;1.1;141;69.8;0.6;0.78;0;0.014;0.17;0.22;1.19;0.48;0.035;17.4;0.55
0;entrées et plats composés;sandwichs;-;25543;Sandwich baguette (aliment moyen);277;41.4;11.2;31.4;11.6;2.46;;2.38;4.45;3.72;2.12;;;;;;;;;;;;;;;;;615;;;;;;;;;;;;;;
0;entrées et plats composés;sandwichs;-;25544;Sandwich pain de mie, garnitures diverses, préemballé;267;45;11.7;25.1;12.4;3.42;0;3.83;4.96;3.85;2.09;2.53;1.76;0.2;0;0;0.01;0;0;0;0;0;0;0;0;0;0;463;0;0;0;0;0;0;0;0;0;0;0;0;0;0
0;entrées et plats composés;sandwichs;-;25547;Croque-monsieur, préemballé;273;44.2;11.3;26.8;12.9;2.14;3.9;2.45;6.5;4.21;1.44;3.92;1.14;0.29;0.011;0.0041;0;30.8;251;1;1;11.1;21.5;1;259;189;5.8;595;1.6;44.5;50;0.7;0.6;0;1.7;0.15;0.15;0.64;0.37;0.05;23.1;0.39
0;entrées et plats composés;sandwichs;-;25574;Sandwich pain de mie complet, jambon, crudités, fromage optionnel, préemballé;243;0;10;23.1;11.6;2.43;0;3.06;2.86;0;0;0;0;0;0;0;0;0;0;0;0;0;0;0;0;0;0;557;0;0;0;0;0;0;0;0;0;0;0;0;0;0
0;entrées et plats composés;sandwichs;-;25575;Sandwich pain de mie complet, thon, crudités, mayonnaise, préemballé;240;0;9.82;23.1;11.3;2.49;0;3.46;1.3;0;0;0;0;0;0;0;0;0;0;0;0;0;0;0;0;0;0;432;0;0;0;0;0;0;0;0;0;0;0;0;0;0
0;entrées et plats composés;sandwichs;-;25576;Sandwich pain de mie complet, jambon, fromage, préemballé;292;0;12.9;26.1;14.6;7.75;0;2;6.45;0;0;0;0;0;0;0;0;0;205;0;0;0;0;0;0;0;0;525;0;0;0;0;0;0;0;0;0;0;0;0;0;0
0;entrées et plats composés;sandwichs;-;25577;Sandwich pain de mie complet, poulet, crudités, mayonnaise, préemballé;232;0;9.18;23.7;10.4;2.61;0;3.63;2.48;0;0;0;0;0;0;0;0;0;0;0;0;0;0;0;0;0;0;517;0;0;0;0;0;0;0;0;0;0;0;0;0;0